label,scene_id,arm,correct,resolved,claimed,recall,precision,shift,shift_frac,crossing,n_det_1,n_det_2,min_margin,t_y_mm
B1 confirmed,complex-profile/single-01,greedy_index,0,1,1,0.0000,0.0000,,0.0000,0,4,2,,
B1 confirmed,complex-profile/single-02,greedy_index,0,1,1,0.0000,0.0000,,0.0000,0,2,2,,
B1 confirmed,complex-profile/single-03,greedy_index,0,2,2,0.0000,0.0000,,0.0000,0,2,2,,
B1 confirmed,complex-profile/single-04,greedy_index,0,1,1,0.0000,0.0000,,0.0000,0,1,1,,
B1 confirmed,heavy-profile/single-01,greedy_index,0,3,3,0.0000,0.0000,,0.0000,0,3,3,,
B1 confirmed,heavy-profile/single-02,greedy_index,0,3,3,0.0000,0.0000,,0.0000,0,3,3,,
B1 confirmed,heavy-profile/single-03,greedy_index,0,3,3,0.0000,0.0000,,0.0000,0,3,3,,
B1 confirmed,heavy-profile/single-04,greedy_index,0,3,3,0.0000,0.0000,,0.0000,0,3,3,,
B1 confirmed,heavy-profile/single-05,greedy_index,0,3,3,0.0000,0.0000,,0.0000,0,3,3,,
B1 confirmed,heavy-profile/single-06,greedy_index,0,3,3,0.0000,0.0000,,0.0000,0,3,3,,
B1 confirmed,heavy-profile/single-07,greedy_index,0,3,3,0.0000,0.0000,,0.0000,0,3,3,,
B1 confirmed,heavy-profile/single-08,greedy_index,0,3,3,0.0000,0.0000,,0.0000,0,3,3,,
B1 confirmed,heavy-profile/single-09,greedy_index,0,3,3,0.0000,0.0000,,0.0000,0,4,3,,
B1 confirmed,heavy-profile/single-10,greedy_index,0,3,3,0.0000,0.0000,,0.0000,0,5,3,,
B1 confirmed,heavy-profile/standing-01,greedy_index,0,3,3,0.0000,0.0000,,0.0000,0,3,3,,
B1 confirmed,l-profile-reshoot/crossed-01,greedy_index,0,2,2,0.0000,0.0000,,0.0000,0,3,2,,
B1 confirmed,l-profile-reshoot/overlap-02,greedy_index,0,3,3,0.0000,0.0000,,0.0000,0,3,3,,
B1 confirmed,l-profile-reshoot/overlap-03,greedy_index,0,4,4,0.0000,0.0000,,0.0000,0,4,4,,
B1 confirmed,l-profile-reshoot/overlap-04,greedy_index,0,4,4,0.0000,0.0000,,0.0000,0,4,4,,
B1 confirmed,l-profile-reshoot/overlap-05,greedy_index,0,3,3,0.0000,0.0000,,0.0000,0,3,3,,
B1 confirmed,l-profile-reshoot/overlap-06,greedy_index,0,3,3,0.0000,0.0000,,0.0000,0,3,3,,
B1 confirmed,l-profile-reshoot/overlap-07,greedy_index,0,4,4,0.0000,0.0000,,0.0000,0,4,4,,
B1 confirmed,l-profile-reshoot/overlap-08,greedy_index,0,4,4,0.0000,0.0000,,0.0000,0,4,5,,
B1 confirmed,l-profile-reshoot/overlap-09,greedy_index,0,4,4,0.0000,0.0000,,0.0000,0,4,5,,
B1 confirmed,l-profile-reshoot/single-01,greedy_index,0,3,3,0.0000,0.0000,,0.0000,0,4,3,,
B1 confirmed,l-profile-reshoot/single-02,greedy_index,0,1,1,0.0000,0.0000,,0.0000,0,2,2,,
B1 confirmed,l-profile-reshoot/single-03,greedy_index,0,3,3,0.0000,0.0000,,0.0000,0,3,3,,
B1 confirmed,l-profile-reshoot/standing-01,greedy_index,0,4,4,0.0000,0.0000,,0.0000,0,4,6,,
B1 confirmed,l-profile-reshoot/standing-02,greedy_index,0,4,4,0.0000,0.0000,,0.0000,0,4,6,,
B1 confirmed,l-profile-reshoot/standing-03,greedy_index,0,4,4,0.0000,0.0000,,0.0000,0,4,6,,
B1 confirmed,l-profile-reshoot/standing-04,greedy_index,0,2,2,0.0000,0.0000,,0.0000,0,2,3,,
B1 confirmed,l-profile-reshoot/standing-05,greedy_index,0,11,11,0.0000,0.0000,,0.0000,0,11,11,,
B1 confirmed,l-profile-reshoot/standing-06,greedy_index,0,11,11,0.0000,0.0000,,0.0000,0,11,11,,
B1 confirmed,l-profile-reshoot/standing-07,greedy_index,0,8,8,0.0000,0.0000,,0.0000,0,8,9,,
B1 confirmed,l-profile-reshoot/tilted-01,greedy_index,0,3,3,0.0000,0.0000,,0.0000,0,4,3,,
B1 confirmed,l-profile-reshoot/tilted-02,greedy_index,0,3,3,0.0000,0.0000,,0.0000,0,4,3,,
B1 confirmed,l-profile-reshoot/tilted-03,greedy_index,0,4,4,0.0000,0.0000,,0.0000,0,4,5,,
B1 confirmed,l-profile-reshoot/tilted-04,greedy_index,0,3,3,0.0000,0.0000,,0.0000,0,3,3,,
B1 confirmed,l-profile-reshoot/tilted-05,greedy_index,0,3,3,0.0000,0.0000,,0.0000,0,3,3,,
B1 confirmed,l-profile/crossed-01,greedy_index,0,4,4,0.0000,0.0000,,0.0000,0,4,4,,
B1 confirmed,l-profile/crossed-02,greedy_index,0,4,4,0.0000,0.0000,,0.0000,0,4,4,,
B1 confirmed,l-profile/crossed-03,greedy_index,0,3,3,0.0000,0.0000,,0.0000,0,4,4,,
B1 confirmed,l-profile/crossed-04,greedy_index,0,2,2,0.0000,0.0000,,0.0000,0,2,2,,
B1 confirmed,l-profile/crossed-05,greedy_index,0,2,2,0.0000,0.0000,,0.0000,0,2,2,,
B1 confirmed,l-profile/crossed-06,greedy_index,0,2,2,0.0000,0.0000,,0.0000,0,2,4,,
B1 confirmed,l-profile/crossed-07,greedy_index,0,3,3,0.0000,0.0000,,0.0000,0,3,3,,
B1 confirmed,l-profile/crossed-08,greedy_index,0,3,3,0.0000,0.0000,,0.0000,0,3,3,,
B1 confirmed,l-profile/overlap-01,greedy_index,0,5,5,0.0000,0.0000,,0.0000,0,5,6,,
B1 confirmed,l-profile/overlap-02,greedy_index,0,2,2,0.0000,0.0000,,0.0000,0,2,2,,
B1 confirmed,l-profile/overlap-03,greedy_index,0,4,4,0.0000,0.0000,,0.0000,0,4,5,,
B1 confirmed,l-profile/overlap-04,greedy_index,0,3,3,0.0000,0.0000,,0.0000,0,4,4,,
B1 confirmed,l-profile/overlap-05,greedy_index,0,3,3,0.0000,0.0000,,0.0000,0,4,4,,
B1 confirmed,l-profile/overlap-06,greedy_index,0,3,3,0.0000,0.0000,,0.0000,0,4,4,,
B1 confirmed,l-profile/overlap-07,greedy_index,0,3,3,0.0000,0.0000,,0.0000,0,4,4,,
B1 confirmed,l-profile/overlap-08,greedy_index,0,3,3,0.0000,0.0000,,0.0000,0,4,4,,
B1 confirmed,l-profile/overlap-09,greedy_index,0,3,3,0.0000,0.0000,,0.0000,0,4,4,,
B1 confirmed,l-profile/overlap-10,greedy_index,0,3,3,0.0000,0.0000,,0.0000,0,4,4,,
B1 confirmed,l-profile/overlap-11,greedy_index,0,4,4,0.0000,0.0000,,0.0000,0,4,4,,
B1 confirmed,l-profile/overlap-12,greedy_index,0,3,3,0.0000,0.0000,,0.0000,0,3,3,,
B1 confirmed,l-profile/overlap-13,greedy_index,0,2,2,0.0000,0.0000,,0.0000,0,3,2,,
B1 confirmed,l-profile/overlap-14,greedy_index,0,3,3,0.0000,0.0000,,0.0000,0,3,3,,
B1 confirmed,l-profile/single-01,greedy_index,0,3,3,0.0000,0.0000,,0.0000,0,3,3,,
B1 confirmed,l-profile/single-02,greedy_index,0,3,3,0.0000,0.0000,,0.0000,0,3,3,,
B1 confirmed,l-profile/single-03,greedy_index,0,3,3,0.0000,0.0000,,0.0000,0,3,3,,
B1 confirmed,l-profile/single-04,greedy_index,0,2,2,0.0000,0.0000,,0.0000,0,3,2,,
B1 confirmed,l-profile/single-05,greedy_index,0,3,3,0.0000,0.0000,,0.0000,0,3,3,,
B1 confirmed,l-profile/single-06,greedy_index,0,3,3,0.0000,0.0000,,0.0000,0,3,3,,
B1 confirmed,l-profile/single-07,greedy_index,0,1,1,0.0000,0.0000,,0.0000,0,2,1,,
B1 confirmed,l-profile/single-08,greedy_index,0,1,1,0.0000,0.0000,,0.0000,0,2,2,,
B1 confirmed,l-profile/single-09,greedy_index,0,2,2,0.0000,0.0000,,0.0000,0,2,2,,
B1 confirmed,l-profile/single-10,greedy_index,0,2,2,0.0000,0.0000,,0.0000,0,2,4,,
B1 confirmed,l-profile/single-11,greedy_index,0,3,3,0.0000,0.0000,,0.0000,0,3,3,,
B1 confirmed,l-profile/single-12,greedy_index,0,2,2,0.0000,0.0000,,0.0000,0,2,2,,
B1 confirmed,l-profile/standing-01,greedy_index,0,3,3,0.0000,0.0000,,0.0000,0,3,3,,
B1 confirmed,l-profile/standing-02,greedy_index,0,4,4,0.0000,0.0000,,0.0000,0,4,4,,
B1 confirmed,l-profile/standing-03,greedy_index,0,4,4,0.0000,0.0000,,0.0000,0,4,4,,
B1 confirmed,l-profile/standing-04,greedy_index,0,4,4,0.0000,0.0000,,0.0000,0,4,4,,
B1 confirmed,l-profile/standing-05,greedy_index,0,3,3,0.0000,0.0000,,0.0000,0,3,3,,
B1 confirmed,l-profile/tilted-01,greedy_index,0,2,2,0.0000,0.0000,,0.0000,0,2,3,,
B1 confirmed,square-profile/single-01,greedy_index,0,8,8,0.0000,0.0000,,0.0000,0,10,8,,
B1 confirmed,square-profile/single-02,greedy_index,0,4,4,0.0000,0.0000,,0.0000,0,4,4,,
B1 confirmed,square-profile/single-03,greedy_index,0,4,4,0.0000,0.0000,,0.0000,0,4,4,,
B1 confirmed,square-profile/single-04,greedy_index,0,4,4,0.0000,0.0000,,0.0000,0,4,4,,
B1 confirmed,square-profile/single-05,greedy_index,0,3,3,0.0000,0.0000,,0.0000,0,3,4,,
B1 confirmed,square-profile/single-06,greedy_index,0,3,3,0.0000,0.0000,,0.0000,0,4,3,,
B1 confirmed,square-profile/single-07,greedy_index,0,3,3,0.0000,0.0000,,0.0000,0,4,3,,
B1 confirmed,square-profile/single-08,greedy_index,0,4,4,0.0000,0.0000,,0.0000,0,4,4,,
B1 confirmed,square-profile/single-09,greedy_index,0,3,3,0.0000,0.0000,,0.0000,0,3,3,,
B1 confirmed,square-profile/single-10,greedy_index,0,2,2,0.0000,0.0000,,0.0000,0,2,2,,
B1 confirmed,square-profile/single-11,greedy_index,0,5,5,0.0000,0.0000,,0.0000,0,8,5,,
B1 confirmed,square-profile/single-12,greedy_index,0,3,3,0.0000,0.0000,,0.0000,0,3,3,,
B1 confirmed,square-profile/single-13,greedy_index,0,3,3,0.0000,0.0000,,0.0000,0,3,3,,
B1 confirmed,square-profile/single-14,greedy_index,0,3,3,0.0000,0.0000,,0.0000,0,3,3,,
B1 confirmed,square-profile/single-15,greedy_index,0,3,3,0.0000,0.0000,,0.0000,0,3,3,,
B1 confirmed,square-profile/single-16,greedy_index,0,3,3,0.0000,0.0000,,0.0000,0,4,3,,
B1 confirmed,square-profile/single-17,greedy_index,0,4,4,0.0000,0.0000,,0.0000,0,6,10,,
B1 confirmed,square-profile/single-18,greedy_index,0,22,22,0.0000,0.0000,,0.0000,0,28,25,,
B1 confirmed,square-profile/single-19,greedy_index,0,3,3,0.0000,0.0000,,0.0000,0,3,3,,
B1 confirmed,square-profile/single-20,greedy_index,0,4,4,0.0000,0.0000,,0.0000,0,5,9,,
B1 confirmed,square-profile/single-21,greedy_index,0,7,7,0.0000,0.0000,,0.0000,0,8,7,,
B1 confirmed,square-profile/single-22,greedy_index,0,7,7,0.0000,0.0000,,0.0000,0,8,8,,
B1 confirmed,square-profile/single-23,greedy_index,0,7,7,0.0000,0.0000,,0.0000,0,7,8,,
B1 confirmed,square-profile/single-24,greedy_index,0,8,8,0.0000,0.0000,,0.0000,0,8,8,,
B1 confirmed,square-profile/single-25,greedy_index,0,7,7,0.0000,0.0000,,0.0000,0,8,7,,
B1 confirmed,square-profile/single-26,greedy_index,0,7,7,0.0000,0.0000,,0.0000,0,7,8,,
B1 confirmed,square-profile/single-27,greedy_index,0,9,9,0.0000,0.0000,,0.0000,0,9,9,,
B1 confirmed,square-profile/single-28,greedy_index,0,9,9,0.0000,0.0000,,0.0000,0,9,9,,
B1 confirmed,square-profile/standing-01,greedy_index,0,4,4,0.0000,0.0000,,0.0000,0,4,4,,
B1 confirmed,complex-profile/single-01,greedy_index_debiased,1,1,1,1.0000,1.0000,0,1.0000,0,4,2,,
B1 confirmed,complex-profile/single-02,greedy_index_debiased,1,1,1,1.0000,1.0000,0,1.0000,0,2,2,,
B1 confirmed,complex-profile/single-03,greedy_index_debiased,2,2,2,1.0000,1.0000,0,1.0000,0,2,2,,
B1 confirmed,complex-profile/single-04,greedy_index_debiased,1,1,1,1.0000,1.0000,0,1.0000,0,1,1,,
B1 confirmed,heavy-profile/single-01,greedy_index_debiased,3,3,3,1.0000,1.0000,0,1.0000,0,3,3,,
B1 confirmed,heavy-profile/single-02,greedy_index_debiased,3,3,3,1.0000,1.0000,0,1.0000,0,3,3,,
B1 confirmed,heavy-profile/single-03,greedy_index_debiased,3,3,3,1.0000,1.0000,0,1.0000,0,3,3,,
B1 confirmed,heavy-profile/single-04,greedy_index_debiased,3,3,3,1.0000,1.0000,0,1.0000,0,3,3,,
B1 confirmed,heavy-profile/single-05,greedy_index_debiased,3,3,3,1.0000,1.0000,0,1.0000,0,3,3,,
B1 confirmed,heavy-profile/single-06,greedy_index_debiased,3,3,3,1.0000,1.0000,0,1.0000,0,3,3,,
B1 confirmed,heavy-profile/single-07,greedy_index_debiased,3,3,3,1.0000,1.0000,0,1.0000,0,3,3,,
B1 confirmed,heavy-profile/single-08,greedy_index_debiased,3,3,3,1.0000,1.0000,0,1.0000,0,3,3,,
B1 confirmed,heavy-profile/single-09,greedy_index_debiased,0,3,3,0.0000,0.0000,-1,1.0000,0,4,3,,
B1 confirmed,heavy-profile/single-10,greedy_index_debiased,0,3,3,0.0000,0.0000,-1,1.0000,0,5,3,,
B1 confirmed,heavy-profile/standing-01,greedy_index_debiased,3,3,3,1.0000,1.0000,0,1.0000,0,3,3,,
B1 confirmed,l-profile-reshoot/crossed-01,greedy_index_debiased,1,2,2,0.5000,1.0000,0,1.0000,0,3,2,,
B1 confirmed,l-profile-reshoot/overlap-02,greedy_index_debiased,3,3,3,1.0000,1.0000,0,1.0000,0,3,3,,
B1 confirmed,l-profile-reshoot/overlap-03,greedy_index_debiased,4,4,4,1.0000,1.0000,0,1.0000,0,4,4,,
B1 confirmed,l-profile-reshoot/overlap-04,greedy_index_debiased,4,4,4,1.0000,1.0000,0,1.0000,0,4,4,,
B1 confirmed,l-profile-reshoot/overlap-05,greedy_index_debiased,3,3,3,1.0000,1.0000,0,1.0000,0,3,3,,
B1 confirmed,l-profile-reshoot/overlap-06,greedy_index_debiased,3,3,3,1.0000,1.0000,0,1.0000,0,3,3,,
B1 confirmed,l-profile-reshoot/overlap-07,greedy_index_debiased,4,4,4,1.0000,1.0000,0,1.0000,0,4,4,,
B1 confirmed,l-profile-reshoot/overlap-08,greedy_index_debiased,4,4,4,1.0000,1.0000,0,1.0000,0,4,5,,
B1 confirmed,l-profile-reshoot/overlap-09,greedy_index_debiased,4,4,4,1.0000,1.0000,0,1.0000,0,4,5,,
B1 confirmed,l-profile-reshoot/single-01,greedy_index_debiased,3,3,3,1.0000,1.0000,0,1.0000,0,4,3,,
B1 confirmed,l-profile-reshoot/single-02,greedy_index_debiased,0,1,1,0.0000,0.0000,,0.0000,0,2,2,,
B1 confirmed,l-profile-reshoot/single-03,greedy_index_debiased,3,3,3,1.0000,1.0000,0,1.0000,0,3,3,,
B1 confirmed,l-profile-reshoot/standing-01,greedy_index_debiased,4,4,4,1.0000,1.0000,0,1.0000,0,4,6,,
B1 confirmed,l-profile-reshoot/standing-02,greedy_index_debiased,4,4,4,1.0000,1.0000,0,1.0000,0,4,6,,
B1 confirmed,l-profile-reshoot/standing-03,greedy_index_debiased,4,4,4,1.0000,1.0000,0,1.0000,0,4,6,,
B1 confirmed,l-profile-reshoot/standing-04,greedy_index_debiased,2,2,2,1.0000,1.0000,0,1.0000,0,2,3,,
B1 confirmed,l-profile-reshoot/standing-05,greedy_index_debiased,10,11,11,0.9091,1.0000,0,1.0000,0,11,11,,
B1 confirmed,l-profile-reshoot/standing-06,greedy_index_debiased,10,11,11,0.9091,1.0000,0,1.0000,0,11,11,,
B1 confirmed,l-profile-reshoot/standing-07,greedy_index_debiased,7,8,8,0.8750,1.0000,0,1.0000,0,8,9,,
B1 confirmed,l-profile-reshoot/tilted-01,greedy_index_debiased,3,3,3,1.0000,1.0000,0,1.0000,0,4,3,,
B1 confirmed,l-profile-reshoot/tilted-02,greedy_index_debiased,3,3,3,1.0000,1.0000,0,1.0000,0,4,3,,
B1 confirmed,l-profile-reshoot/tilted-03,greedy_index_debiased,4,4,4,1.0000,1.0000,0,1.0000,0,4,5,,
B1 confirmed,l-profile-reshoot/tilted-04,greedy_index_debiased,3,3,3,1.0000,1.0000,0,1.0000,0,3,3,,
B1 confirmed,l-profile-reshoot/tilted-05,greedy_index_debiased,3,3,3,1.0000,1.0000,0,1.0000,0,3,3,,
B1 confirmed,l-profile/crossed-01,greedy_index_debiased,0,4,4,0.0000,0.0000,-1,1.0000,0,4,4,,
B1 confirmed,l-profile/crossed-02,greedy_index_debiased,0,4,4,0.0000,0.0000,1,0.7500,0,4,4,,
B1 confirmed,l-profile/crossed-03,greedy_index_debiased,0,3,3,0.0000,0.0000,-1,1.0000,0,4,4,,
B1 confirmed,l-profile/crossed-04,greedy_index_debiased,2,2,2,1.0000,1.0000,0,1.0000,0,2,2,,
B1 confirmed,l-profile/crossed-05,greedy_index_debiased,2,2,2,1.0000,1.0000,0,1.0000,0,2,2,,
B1 confirmed,l-profile/crossed-06,greedy_index_debiased,2,2,2,1.0000,1.0000,0,1.0000,0,2,4,,
B1 confirmed,l-profile/crossed-07,greedy_index_debiased,0,3,3,0.0000,0.0000,,0.0000,0,3,3,,
B1 confirmed,l-profile/crossed-08,greedy_index_debiased,0,3,3,0.0000,0.0000,,0.0000,0,3,3,,
B1 confirmed,l-profile/overlap-01,greedy_index_debiased,5,5,5,1.0000,1.0000,0,1.0000,0,5,6,,
B1 confirmed,l-profile/overlap-02,greedy_index_debiased,2,2,2,1.0000,1.0000,0,1.0000,0,2,2,,
B1 confirmed,l-profile/overlap-03,greedy_index_debiased,0,4,4,0.0000,0.0000,1,1.0000,0,4,5,,
B1 confirmed,l-profile/overlap-04,greedy_index_debiased,0,3,3,0.0000,0.0000,1,1.0000,0,4,4,,
B1 confirmed,l-profile/overlap-05,greedy_index_debiased,3,3,3,1.0000,1.0000,0,1.0000,0,4,4,,
B1 confirmed,l-profile/overlap-06,greedy_index_debiased,3,3,3,1.0000,1.0000,0,1.0000,0,4,4,,
B1 confirmed,l-profile/overlap-07,greedy_index_debiased,3,3,3,1.0000,1.0000,0,1.0000,0,4,4,,
B1 confirmed,l-profile/overlap-08,greedy_index_debiased,3,3,3,1.0000,1.0000,0,1.0000,0,4,4,,
B1 confirmed,l-profile/overlap-09,greedy_index_debiased,3,3,3,1.0000,1.0000,0,1.0000,0,4,4,,
B1 confirmed,l-profile/overlap-10,greedy_index_debiased,0,3,3,0.0000,0.0000,1,1.0000,0,4,4,,
B1 confirmed,l-profile/overlap-11,greedy_index_debiased,3,4,4,0.7500,1.0000,0,1.0000,0,4,4,,
B1 confirmed,l-profile/overlap-12,greedy_index_debiased,3,3,3,1.0000,1.0000,0,1.0000,0,3,3,,
B1 confirmed,l-profile/overlap-13,greedy_index_debiased,2,2,2,1.0000,1.0000,0,1.0000,0,3,2,,
B1 confirmed,l-profile/overlap-14,greedy_index_debiased,3,3,3,1.0000,1.0000,0,1.0000,0,3,3,,
B1 confirmed,l-profile/single-01,greedy_index_debiased,3,3,3,1.0000,1.0000,0,1.0000,0,3,3,,
B1 confirmed,l-profile/single-02,greedy_index_debiased,3,3,3,1.0000,1.0000,0,1.0000,0,3,3,,
B1 confirmed,l-profile/single-03,greedy_index_debiased,3,3,3,1.0000,1.0000,0,1.0000,0,3,3,,
B1 confirmed,l-profile/single-04,greedy_index_debiased,0,2,2,0.0000,0.0000,,0.0000,0,3,2,,
B1 confirmed,l-profile/single-05,greedy_index_debiased,3,3,3,1.0000,1.0000,0,1.0000,0,3,3,,
B1 confirmed,l-profile/single-06,greedy_index_debiased,3,3,3,1.0000,1.0000,0,1.0000,0,3,3,,
B1 confirmed,l-profile/single-07,greedy_index_debiased,0,1,1,0.0000,0.0000,,0.0000,0,2,1,,
B1 confirmed,l-profile/single-08,greedy_index_debiased,1,1,1,1.0000,1.0000,0,1.0000,0,2,2,,
B1 confirmed,l-profile/single-09,greedy_index_debiased,2,2,2,1.0000,1.0000,0,1.0000,0,2,2,,
B1 confirmed,l-profile/single-10,greedy_index_debiased,2,2,2,1.0000,1.0000,0,1.0000,0,2,4,,
B1 confirmed,l-profile/single-11,greedy_index_debiased,3,3,3,1.0000,1.0000,0,1.0000,0,3,3,,
B1 confirmed,l-profile/single-12,greedy_index_debiased,2,2,2,1.0000,1.0000,0,1.0000,0,2,2,,
B1 confirmed,l-profile/standing-01,greedy_index_debiased,3,3,3,1.0000,1.0000,0,1.0000,0,3,3,,
B1 confirmed,l-profile/standing-02,greedy_index_debiased,3,4,4,0.7500,1.0000,0,1.0000,0,4,4,,
B1 confirmed,l-profile/standing-03,greedy_index_debiased,4,4,4,1.0000,1.0000,0,1.0000,0,4,4,,
B1 confirmed,l-profile/standing-04,greedy_index_debiased,3,4,4,0.7500,1.0000,0,1.0000,0,4,4,,
B1 confirmed,l-profile/standing-05,greedy_index_debiased,3,3,3,1.0000,1.0000,0,1.0000,0,3,3,,
B1 confirmed,l-profile/tilted-01,greedy_index_debiased,0,2,2,0.0000,0.0000,,0.0000,0,2,3,,
B1 confirmed,square-profile/single-01,greedy_index_debiased,8,8,8,1.0000,1.0000,0,1.0000,0,10,8,,
B1 confirmed,square-profile/single-02,greedy_index_debiased,4,4,4,1.0000,1.0000,0,1.0000,0,4,4,,
B1 confirmed,square-profile/single-03,greedy_index_debiased,4,4,4,1.0000,1.0000,0,1.0000,0,4,4,,
B1 confirmed,square-profile/single-04,greedy_index_debiased,4,4,4,1.0000,1.0000,0,1.0000,0,4,4,,
B1 confirmed,square-profile/single-05,greedy_index_debiased,3,3,3,1.0000,1.0000,0,1.0000,0,3,4,,
B1 confirmed,square-profile/single-06,greedy_index_debiased,3,3,3,1.0000,1.0000,0,1.0000,0,4,3,,
B1 confirmed,square-profile/single-07,greedy_index_debiased,3,3,3,1.0000,1.0000,0,1.0000,0,4,3,,
B1 confirmed,square-profile/single-08,greedy_index_debiased,4,4,4,1.0000,1.0000,0,1.0000,0,4,4,,
B1 confirmed,square-profile/single-09,greedy_index_debiased,3,3,3,1.0000,1.0000,0,1.0000,0,3,3,,
B1 confirmed,square-profile/single-10,greedy_index_debiased,2,2,2,1.0000,1.0000,0,1.0000,0,2,2,,
B1 confirmed,square-profile/single-11,greedy_index_debiased,5,5,5,1.0000,1.0000,0,1.0000,0,8,5,,
B1 confirmed,square-profile/single-12,greedy_index_debiased,3,3,3,1.0000,1.0000,0,1.0000,0,3,3,,
B1 confirmed,square-profile/single-13,greedy_index_debiased,3,3,3,1.0000,1.0000,0,1.0000,0,3,3,,
B1 confirmed,square-profile/single-14,greedy_index_debiased,3,3,3,1.0000,1.0000,0,1.0000,0,3,3,,
B1 confirmed,square-profile/single-15,greedy_index_debiased,3,3,3,1.0000,1.0000,0,1.0000,0,3,3,,
B1 confirmed,square-profile/single-16,greedy_index_debiased,2,3,3,0.6667,1.0000,0,1.0000,0,4,3,,
B1 confirmed,square-profile/single-17,greedy_index_debiased,4,4,4,1.0000,1.0000,0,1.0000,0,6,10,,
B1 confirmed,square-profile/single-18,greedy_index_debiased,16,22,22,0.7273,0.8889,0,0.8889,0,28,25,,
B1 confirmed,square-profile/single-19,greedy_index_debiased,3,3,3,1.0000,1.0000,0,1.0000,0,3,3,,
B1 confirmed,square-profile/single-20,greedy_index_debiased,0,4,4,0.0000,0.0000,1,1.0000,0,5,9,,
B1 confirmed,square-profile/single-21,greedy_index_debiased,6,7,7,0.8571,1.0000,0,1.0000,0,8,7,,
B1 confirmed,square-profile/single-22,greedy_index_debiased,0,7,7,0.0000,0.0000,1,1.0000,0,8,8,,
B1 confirmed,square-profile/single-23,greedy_index_debiased,7,7,7,1.0000,1.0000,0,1.0000,0,7,8,,
B1 confirmed,square-profile/single-24,greedy_index_debiased,5,8,8,0.6250,1.0000,0,1.0000,0,8,8,,
B1 confirmed,square-profile/single-25,greedy_index_debiased,7,7,7,1.0000,1.0000,0,1.0000,0,8,7,,
B1 confirmed,square-profile/single-26,greedy_index_debiased,7,7,7,1.0000,1.0000,0,1.0000,0,7,8,,
B1 confirmed,square-profile/single-27,greedy_index_debiased,6,9,9,0.6667,1.0000,0,1.0000,0,9,9,,
B1 confirmed,square-profile/single-28,greedy_index_debiased,5,9,9,0.5556,1.0000,0,1.0000,0,9,9,,
B1 confirmed,square-profile/standing-01,greedy_index_debiased,4,4,4,1.0000,1.0000,0,1.0000,0,4,4,,
B1 confirmed,complex-profile/single-01,greedy_index_nolen,1,1,1,1.0000,1.0000,0,1.0000,0,4,2,,
B1 confirmed,complex-profile/single-02,greedy_index_nolen,1,1,1,1.0000,1.0000,0,1.0000,0,2,2,,
B1 confirmed,complex-profile/single-03,greedy_index_nolen,2,2,2,1.0000,1.0000,0,1.0000,0,2,2,,
B1 confirmed,complex-profile/single-04,greedy_index_nolen,1,1,1,1.0000,1.0000,0,1.0000,0,1,1,,
B1 confirmed,heavy-profile/single-01,greedy_index_nolen,3,3,3,1.0000,1.0000,0,1.0000,0,3,3,,
B1 confirmed,heavy-profile/single-02,greedy_index_nolen,3,3,3,1.0000,1.0000,0,1.0000,0,3,3,,
B1 confirmed,heavy-profile/single-03,greedy_index_nolen,3,3,3,1.0000,1.0000,0,1.0000,0,3,3,,
B1 confirmed,heavy-profile/single-04,greedy_index_nolen,3,3,3,1.0000,1.0000,0,1.0000,0,3,3,,
B1 confirmed,heavy-profile/single-05,greedy_index_nolen,3,3,3,1.0000,1.0000,0,1.0000,0,3,3,,
B1 confirmed,heavy-profile/single-06,greedy_index_nolen,3,3,3,1.0000,1.0000,0,1.0000,0,3,3,,
B1 confirmed,heavy-profile/single-07,greedy_index_nolen,3,3,3,1.0000,1.0000,0,1.0000,0,3,3,,
B1 confirmed,heavy-profile/single-08,greedy_index_nolen,3,3,3,1.0000,1.0000,0,1.0000,0,3,3,,
B1 confirmed,heavy-profile/single-09,greedy_index_nolen,0,3,3,0.0000,0.0000,-1,1.0000,0,4,3,,
B1 confirmed,heavy-profile/single-10,greedy_index_nolen,0,3,3,0.0000,0.0000,-1,1.0000,0,5,3,,
B1 confirmed,heavy-profile/standing-01,greedy_index_nolen,3,3,3,1.0000,1.0000,0,1.0000,0,3,3,,
B1 confirmed,l-profile-reshoot/crossed-01,greedy_index_nolen,1,2,2,0.5000,1.0000,0,1.0000,0,3,2,,
B1 confirmed,l-profile-reshoot/overlap-02,greedy_index_nolen,3,3,3,1.0000,1.0000,0,1.0000,0,3,3,,
B1 confirmed,l-profile-reshoot/overlap-03,greedy_index_nolen,4,4,4,1.0000,1.0000,0,1.0000,0,4,4,,
B1 confirmed,l-profile-reshoot/overlap-04,greedy_index_nolen,4,4,4,1.0000,1.0000,0,1.0000,0,4,4,,
B1 confirmed,l-profile-reshoot/overlap-05,greedy_index_nolen,3,3,3,1.0000,1.0000,0,1.0000,0,3,3,,
B1 confirmed,l-profile-reshoot/overlap-06,greedy_index_nolen,3,3,3,1.0000,1.0000,0,1.0000,0,3,3,,
B1 confirmed,l-profile-reshoot/overlap-07,greedy_index_nolen,4,4,4,1.0000,1.0000,0,1.0000,0,4,4,,
B1 confirmed,l-profile-reshoot/overlap-08,greedy_index_nolen,4,4,4,1.0000,1.0000,0,1.0000,0,4,5,,
B1 confirmed,l-profile-reshoot/overlap-09,greedy_index_nolen,4,4,4,1.0000,1.0000,0,1.0000,0,4,5,,
B1 confirmed,l-profile-reshoot/single-01,greedy_index_nolen,3,3,3,1.0000,1.0000,0,1.0000,0,4,3,,
B1 confirmed,l-profile-reshoot/single-02,greedy_index_nolen,0,1,1,0.0000,0.0000,,0.0000,0,2,2,,
B1 confirmed,l-profile-reshoot/single-03,greedy_index_nolen,3,3,3,1.0000,1.0000,0,1.0000,0,3,3,,
B1 confirmed,l-profile-reshoot/standing-01,greedy_index_nolen,4,4,4,1.0000,1.0000,0,1.0000,0,4,6,,
B1 confirmed,l-profile-reshoot/standing-02,greedy_index_nolen,4,4,4,1.0000,1.0000,0,1.0000,0,4,6,,
B1 confirmed,l-profile-reshoot/standing-03,greedy_index_nolen,4,4,4,1.0000,1.0000,0,1.0000,0,4,6,,
B1 confirmed,l-profile-reshoot/standing-04,greedy_index_nolen,2,2,2,1.0000,1.0000,0,1.0000,0,2,3,,
B1 confirmed,l-profile-reshoot/standing-05,greedy_index_nolen,10,11,11,0.9091,1.0000,0,1.0000,0,11,11,,
B1 confirmed,l-profile-reshoot/standing-06,greedy_index_nolen,10,11,11,0.9091,1.0000,0,1.0000,0,11,11,,
B1 confirmed,l-profile-reshoot/standing-07,greedy_index_nolen,7,8,8,0.8750,1.0000,0,1.0000,0,8,9,,
B1 confirmed,l-profile-reshoot/tilted-01,greedy_index_nolen,3,3,3,1.0000,1.0000,0,1.0000,0,4,3,,
B1 confirmed,l-profile-reshoot/tilted-02,greedy_index_nolen,3,3,3,1.0000,1.0000,0,1.0000,0,4,3,,
B1 confirmed,l-profile-reshoot/tilted-03,greedy_index_nolen,4,4,4,1.0000,1.0000,0,1.0000,0,4,5,,
B1 confirmed,l-profile-reshoot/tilted-04,greedy_index_nolen,3,3,3,1.0000,1.0000,0,1.0000,0,3,3,,
B1 confirmed,l-profile-reshoot/tilted-05,greedy_index_nolen,3,3,3,1.0000,1.0000,0,1.0000,0,3,3,,
B1 confirmed,l-profile/crossed-01,greedy_index_nolen,0,4,4,0.0000,0.0000,-1,1.0000,0,4,4,,
B1 confirmed,l-profile/crossed-02,greedy_index_nolen,0,4,4,0.0000,0.0000,1,0.7500,0,4,4,,
B1 confirmed,l-profile/crossed-03,greedy_index_nolen,0,3,3,0.0000,0.0000,-1,1.0000,0,4,4,,
B1 confirmed,l-profile/crossed-04,greedy_index_nolen,2,2,2,1.0000,1.0000,0,1.0000,0,2,2,,
B1 confirmed,l-profile/crossed-05,greedy_index_nolen,2,2,2,1.0000,1.0000,0,1.0000,0,2,2,,
B1 confirmed,l-profile/crossed-06,greedy_index_nolen,2,2,2,1.0000,1.0000,0,1.0000,0,2,4,,
B1 confirmed,l-profile/crossed-07,greedy_index_nolen,0,3,3,0.0000,0.0000,1,1.0000,0,3,3,,
B1 confirmed,l-profile/crossed-08,greedy_index_nolen,0,3,3,0.0000,0.0000,1,1.0000,0,3,3,,
B1 confirmed,l-profile/overlap-01,greedy_index_nolen,5,5,5,1.0000,1.0000,0,1.0000,0,5,6,,
B1 confirmed,l-profile/overlap-02,greedy_index_nolen,2,2,2,1.0000,1.0000,0,1.0000,0,2,2,,
B1 confirmed,l-profile/overlap-03,greedy_index_nolen,0,4,4,0.0000,0.0000,1,1.0000,0,4,5,,
B1 confirmed,l-profile/overlap-04,greedy_index_nolen,0,3,3,0.0000,0.0000,1,1.0000,0,4,4,,
B1 confirmed,l-profile/overlap-05,greedy_index_nolen,3,3,3,1.0000,1.0000,0,1.0000,0,4,4,,
B1 confirmed,l-profile/overlap-06,greedy_index_nolen,3,3,3,1.0000,1.0000,0,1.0000,0,4,4,,
B1 confirmed,l-profile/overlap-07,greedy_index_nolen,3,3,3,1.0000,1.0000,0,1.0000,0,4,4,,
B1 confirmed,l-profile/overlap-08,greedy_index_nolen,3,3,3,1.0000,1.0000,0,1.0000,0,4,4,,
B1 confirmed,l-profile/overlap-09,greedy_index_nolen,3,3,3,1.0000,1.0000,0,1.0000,0,4,4,,
B1 confirmed,l-profile/overlap-10,greedy_index_nolen,0,3,3,0.0000,0.0000,1,1.0000,0,4,4,,
B1 confirmed,l-profile/overlap-11,greedy_index_nolen,3,4,4,0.7500,1.0000,0,1.0000,0,4,4,,
B1 confirmed,l-profile/overlap-12,greedy_index_nolen,3,3,3,1.0000,1.0000,0,1.0000,0,3,3,,
B1 confirmed,l-profile/overlap-13,greedy_index_nolen,2,2,2,1.0000,1.0000,0,1.0000,0,3,2,,
B1 confirmed,l-profile/overlap-14,greedy_index_nolen,3,3,3,1.0000,1.0000,0,1.0000,0,3,3,,
B1 confirmed,l-profile/single-01,greedy_index_nolen,3,3,3,1.0000,1.0000,0,1.0000,0,3,3,,
B1 confirmed,l-profile/single-02,greedy_index_nolen,3,3,3,1.0000,1.0000,0,1.0000,0,3,3,,
B1 confirmed,l-profile/single-03,greedy_index_nolen,3,3,3,1.0000,1.0000,0,1.0000,0,3,3,,
B1 confirmed,l-profile/single-04,greedy_index_nolen,0,2,2,0.0000,0.0000,-1,1.0000,0,3,2,,
B1 confirmed,l-profile/single-05,greedy_index_nolen,3,3,3,1.0000,1.0000,0,1.0000,0,3,3,,
B1 confirmed,l-profile/single-06,greedy_index_nolen,3,3,3,1.0000,1.0000,0,1.0000,0,3,3,,
B1 confirmed,l-profile/single-07,greedy_index_nolen,0,1,1,0.0000,0.0000,,0.0000,0,2,1,,
B1 confirmed,l-profile/single-08,greedy_index_nolen,1,1,1,1.0000,1.0000,0,1.0000,0,2,2,,
B1 confirmed,l-profile/single-09,greedy_index_nolen,2,2,2,1.0000,1.0000,0,1.0000,0,2,2,,
B1 confirmed,l-profile/single-10,greedy_index_nolen,2,2,2,1.0000,1.0000,0,1.0000,0,2,4,,
B1 confirmed,l-profile/single-11,greedy_index_nolen,3,3,3,1.0000,1.0000,0,1.0000,0,3,3,,
B1 confirmed,l-profile/single-12,greedy_index_nolen,2,2,2,1.0000,1.0000,0,1.0000,0,2,2,,
B1 confirmed,l-profile/standing-01,greedy_index_nolen,3,3,3,1.0000,1.0000,0,1.0000,0,3,3,,
B1 confirmed,l-profile/standing-02,greedy_index_nolen,3,4,4,0.7500,1.0000,0,1.0000,0,4,4,,
B1 confirmed,l-profile/standing-03,greedy_index_nolen,4,4,4,1.0000,1.0000,0,1.0000,0,4,4,,
B1 confirmed,l-profile/standing-04,greedy_index_nolen,3,4,4,0.7500,1.0000,0,1.0000,0,4,4,,
B1 confirmed,l-profile/standing-05,greedy_index_nolen,3,3,3,1.0000,1.0000,0,1.0000,0,3,3,,
B1 confirmed,l-profile/tilted-01,greedy_index_nolen,0,2,2,0.0000,0.0000,,0.0000,0,2,3,,
B1 confirmed,square-profile/single-01,greedy_index_nolen,8,8,8,1.0000,1.0000,0,1.0000,0,10,8,,
B1 confirmed,square-profile/single-02,greedy_index_nolen,4,4,4,1.0000,1.0000,0,1.0000,0,4,4,,
B1 confirmed,square-profile/single-03,greedy_index_nolen,4,4,4,1.0000,1.0000,0,1.0000,0,4,4,,
B1 confirmed,square-profile/single-04,greedy_index_nolen,4,4,4,1.0000,1.0000,0,1.0000,0,4,4,,
B1 confirmed,square-profile/single-05,greedy_index_nolen,3,3,3,1.0000,1.0000,0,1.0000,0,3,4,,
B1 confirmed,square-profile/single-06,greedy_index_nolen,3,3,3,1.0000,1.0000,0,1.0000,0,4,3,,
B1 confirmed,square-profile/single-07,greedy_index_nolen,3,3,3,1.0000,1.0000,0,1.0000,0,4,3,,
B1 confirmed,square-profile/single-08,greedy_index_nolen,4,4,4,1.0000,1.0000,0,1.0000,0,4,4,,
B1 confirmed,square-profile/single-09,greedy_index_nolen,3,3,3,1.0000,1.0000,0,1.0000,0,3,3,,
B1 confirmed,square-profile/single-10,greedy_index_nolen,2,2,2,1.0000,1.0000,0,1.0000,0,2,2,,
B1 confirmed,square-profile/single-11,greedy_index_nolen,5,5,5,1.0000,1.0000,0,1.0000,0,8,5,,
B1 confirmed,square-profile/single-12,greedy_index_nolen,3,3,3,1.0000,1.0000,0,1.0000,0,3,3,,
B1 confirmed,square-profile/single-13,greedy_index_nolen,3,3,3,1.0000,1.0000,0,1.0000,0,3,3,,
B1 confirmed,square-profile/single-14,greedy_index_nolen,3,3,3,1.0000,1.0000,0,1.0000,0,3,3,,
B1 confirmed,square-profile/single-15,greedy_index_nolen,3,3,3,1.0000,1.0000,0,1.0000,0,3,3,,
B1 confirmed,square-profile/single-16,greedy_index_nolen,2,3,3,0.6667,1.0000,0,1.0000,0,4,3,,
B1 confirmed,square-profile/single-17,greedy_index_nolen,4,4,4,1.0000,1.0000,0,1.0000,0,6,10,,
B1 confirmed,square-profile/single-18,greedy_index_nolen,16,22,22,0.7273,0.8889,0,0.8889,0,28,25,,
B1 confirmed,square-profile/single-19,greedy_index_nolen,3,3,3,1.0000,1.0000,0,1.0000,0,3,3,,
B1 confirmed,square-profile/single-20,greedy_index_nolen,0,4,4,0.0000,0.0000,1,1.0000,0,5,9,,
B1 confirmed,square-profile/single-21,greedy_index_nolen,6,7,7,0.8571,1.0000,0,1.0000,0,8,7,,
B1 confirmed,square-profile/single-22,greedy_index_nolen,0,7,7,0.0000,0.0000,1,1.0000,0,8,8,,
B1 confirmed,square-profile/single-23,greedy_index_nolen,7,7,7,1.0000,1.0000,0,1.0000,0,7,8,,
B1 confirmed,square-profile/single-24,greedy_index_nolen,7,8,8,0.8750,1.0000,0,1.0000,0,8,8,,
B1 confirmed,square-profile/single-25,greedy_index_nolen,7,7,7,1.0000,1.0000,0,1.0000,0,8,7,,
B1 confirmed,square-profile/single-26,greedy_index_nolen,7,7,7,1.0000,1.0000,0,1.0000,0,7,8,,
B1 confirmed,square-profile/single-27,greedy_index_nolen,9,9,9,1.0000,1.0000,0,1.0000,0,9,9,,
B1 confirmed,square-profile/single-28,greedy_index_nolen,8,9,9,0.8889,1.0000,0,1.0000,0,9,9,,
B1 confirmed,square-profile/standing-01,greedy_index_nolen,4,4,4,1.0000,1.0000,0,1.0000,0,4,4,,
B1 confirmed,complex-profile/single-01,greedy_index_order,1,1,1,1.0000,1.0000,0,1.0000,0,4,2,,
B1 confirmed,complex-profile/single-02,greedy_index_order,1,1,1,1.0000,1.0000,0,1.0000,0,2,2,,
B1 confirmed,complex-profile/single-03,greedy_index_order,2,2,2,1.0000,1.0000,0,1.0000,0,2,2,,
B1 confirmed,complex-profile/single-04,greedy_index_order,1,1,1,1.0000,1.0000,0,1.0000,0,1,1,,
B1 confirmed,heavy-profile/single-01,greedy_index_order,3,3,3,1.0000,1.0000,0,1.0000,0,3,3,,
B1 confirmed,heavy-profile/single-02,greedy_index_order,3,3,3,1.0000,1.0000,0,1.0000,0,3,3,,
B1 confirmed,heavy-profile/single-03,greedy_index_order,3,3,3,1.0000,1.0000,0,1.0000,0,3,3,,
B1 confirmed,heavy-profile/single-04,greedy_index_order,3,3,3,1.0000,1.0000,0,1.0000,0,3,3,,
B1 confirmed,heavy-profile/single-05,greedy_index_order,3,3,3,1.0000,1.0000,0,1.0000,0,3,3,,
B1 confirmed,heavy-profile/single-06,greedy_index_order,3,3,3,1.0000,1.0000,0,1.0000,0,3,3,,
B1 confirmed,heavy-profile/single-07,greedy_index_order,3,3,3,1.0000,1.0000,0,1.0000,0,3,3,,
B1 confirmed,heavy-profile/single-08,greedy_index_order,3,3,3,1.0000,1.0000,0,1.0000,0,3,3,,
B1 confirmed,heavy-profile/single-09,greedy_index_order,0,3,3,0.0000,0.0000,-1,1.0000,0,4,3,,
B1 confirmed,heavy-profile/single-10,greedy_index_order,0,3,3,0.0000,0.0000,-1,1.0000,0,5,3,,
B1 confirmed,heavy-profile/standing-01,greedy_index_order,3,3,3,1.0000,1.0000,0,1.0000,0,3,3,,
B1 confirmed,l-profile-reshoot/crossed-01,greedy_index_order,1,2,2,0.5000,1.0000,0,1.0000,0,3,2,,
B1 confirmed,l-profile-reshoot/overlap-02,greedy_index_order,3,3,3,1.0000,1.0000,0,1.0000,0,3,3,,
B1 confirmed,l-profile-reshoot/overlap-03,greedy_index_order,4,4,4,1.0000,1.0000,0,1.0000,0,4,4,,
B1 confirmed,l-profile-reshoot/overlap-04,greedy_index_order,4,4,4,1.0000,1.0000,0,1.0000,0,4,4,,
B1 confirmed,l-profile-reshoot/overlap-05,greedy_index_order,3,3,3,1.0000,1.0000,0,1.0000,0,3,3,,
B1 confirmed,l-profile-reshoot/overlap-06,greedy_index_order,3,3,3,1.0000,1.0000,0,1.0000,0,3,3,,
B1 confirmed,l-profile-reshoot/overlap-07,greedy_index_order,4,4,4,1.0000,1.0000,0,1.0000,0,4,4,,
B1 confirmed,l-profile-reshoot/overlap-08,greedy_index_order,4,4,4,1.0000,1.0000,0,1.0000,0,4,5,,
B1 confirmed,l-profile-reshoot/overlap-09,greedy_index_order,4,4,4,1.0000,1.0000,0,1.0000,0,4,5,,
B1 confirmed,l-profile-reshoot/single-01,greedy_index_order,3,3,3,1.0000,1.0000,0,1.0000,0,4,3,,
B1 confirmed,l-profile-reshoot/single-02,greedy_index_order,1,1,1,1.0000,1.0000,0,1.0000,0,2,2,,
B1 confirmed,l-profile-reshoot/single-03,greedy_index_order,3,3,3,1.0000,1.0000,0,1.0000,0,3,3,,
B1 confirmed,l-profile-reshoot/standing-01,greedy_index_order,4,4,4,1.0000,1.0000,0,1.0000,0,4,6,,
B1 confirmed,l-profile-reshoot/standing-02,greedy_index_order,4,4,4,1.0000,1.0000,0,1.0000,0,4,6,,
B1 confirmed,l-profile-reshoot/standing-03,greedy_index_order,4,4,4,1.0000,1.0000,0,1.0000,0,4,6,,
B1 confirmed,l-profile-reshoot/standing-04,greedy_index_order,2,2,2,1.0000,1.0000,0,1.0000,0,2,3,,
B1 confirmed,l-profile-reshoot/standing-05,greedy_index_order,11,11,11,1.0000,1.0000,0,1.0000,0,11,11,,
B1 confirmed,l-profile-reshoot/standing-06,greedy_index_order,11,11,11,1.0000,1.0000,0,1.0000,0,11,11,,
B1 confirmed,l-profile-reshoot/standing-07,greedy_index_order,8,8,8,1.0000,1.0000,0,1.0000,0,8,9,,
B1 confirmed,l-profile-reshoot/tilted-01,greedy_index_order,3,3,3,1.0000,1.0000,0,1.0000,0,4,3,,
B1 confirmed,l-profile-reshoot/tilted-02,greedy_index_order,3,3,3,1.0000,1.0000,0,1.0000,0,4,3,,
B1 confirmed,l-profile-reshoot/tilted-03,greedy_index_order,4,4,4,1.0000,1.0000,0,1.0000,0,4,5,,
B1 confirmed,l-profile-reshoot/tilted-04,greedy_index_order,3,3,3,1.0000,1.0000,0,1.0000,0,3,3,,
B1 confirmed,l-profile-reshoot/tilted-05,greedy_index_order,3,3,3,1.0000,1.0000,0,1.0000,0,3,3,,
B1 confirmed,l-profile/crossed-01,greedy_index_order,0,4,4,0.0000,0.0000,-1,0.7500,0,4,4,,
B1 confirmed,l-profile/crossed-02,greedy_index_order,0,4,4,0.0000,0.0000,1,0.7500,0,4,4,,
B1 confirmed,l-profile/crossed-03,greedy_index_order,0,3,3,0.0000,0.0000,-1,0.6667,0,4,4,,
B1 confirmed,l-profile/crossed-04,greedy_index_order,2,2,2,1.0000,1.0000,0,1.0000,0,2,2,,
B1 confirmed,l-profile/crossed-05,greedy_index_order,2,2,2,1.0000,1.0000,0,1.0000,0,2,2,,
B1 confirmed,l-profile/crossed-06,greedy_index_order,2,2,2,1.0000,1.0000,0,1.0000,0,2,4,,
B1 confirmed,l-profile/crossed-07,greedy_index_order,0,3,3,0.0000,0.0000,1,1.0000,0,3,3,,
B1 confirmed,l-profile/crossed-08,greedy_index_order,0,3,3,0.0000,0.0000,1,1.0000,0,3,3,,
B1 confirmed,l-profile/overlap-01,greedy_index_order,5,5,5,1.0000,1.0000,0,1.0000,0,5,6,,
B1 confirmed,l-profile/overlap-02,greedy_index_order,2,2,2,1.0000,1.0000,0,1.0000,0,2,2,,
B1 confirmed,l-profile/overlap-03,greedy_index_order,0,4,4,0.0000,0.0000,1,1.0000,0,4,5,,
B1 confirmed,l-profile/overlap-04,greedy_index_order,0,3,3,0.0000,0.0000,1,1.0000,0,4,4,,
B1 confirmed,l-profile/overlap-05,greedy_index_order,3,3,3,1.0000,1.0000,0,1.0000,0,4,4,,
B1 confirmed,l-profile/overlap-06,greedy_index_order,3,3,3,1.0000,1.0000,0,1.0000,0,4,4,,
B1 confirmed,l-profile/overlap-07,greedy_index_order,3,3,3,1.0000,1.0000,0,1.0000,0,4,4,,
B1 confirmed,l-profile/overlap-08,greedy_index_order,3,3,3,1.0000,1.0000,0,1.0000,0,4,4,,
B1 confirmed,l-profile/overlap-09,greedy_index_order,3,3,3,1.0000,1.0000,0,1.0000,0,4,4,,
B1 confirmed,l-profile/overlap-10,greedy_index_order,0,3,3,0.0000,0.0000,1,1.0000,0,4,4,,
B1 confirmed,l-profile/overlap-11,greedy_index_order,4,4,4,1.0000,1.0000,0,1.0000,0,4,4,,
B1 confirmed,l-profile/overlap-12,greedy_index_order,3,3,3,1.0000,1.0000,0,1.0000,0,3,3,,
B1 confirmed,l-profile/overlap-13,greedy_index_order,2,2,2,1.0000,1.0000,0,1.0000,0,3,2,,
B1 confirmed,l-profile/overlap-14,greedy_index_order,3,3,3,1.0000,1.0000,0,1.0000,0,3,3,,
B1 confirmed,l-profile/single-01,greedy_index_order,3,3,3,1.0000,1.0000,0,1.0000,0,3,3,,
B1 confirmed,l-profile/single-02,greedy_index_order,3,3,3,1.0000,1.0000,0,1.0000,0,3,3,,
B1 confirmed,l-profile/single-03,greedy_index_order,3,3,3,1.0000,1.0000,0,1.0000,0,3,3,,
B1 confirmed,l-profile/single-04,greedy_index_order,0,2,2,0.0000,0.0000,-1,1.0000,0,3,2,,
B1 confirmed,l-profile/single-05,greedy_index_order,3,3,3,1.0000,1.0000,0,1.0000,0,3,3,,
B1 confirmed,l-profile/single-06,greedy_index_order,3,3,3,1.0000,1.0000,0,1.0000,0,3,3,,
B1 confirmed,l-profile/single-07,greedy_index_order,0,1,1,0.0000,0.0000,,0.0000,0,2,1,,
B1 confirmed,l-profile/single-08,greedy_index_order,1,1,1,1.0000,1.0000,0,1.0000,0,2,2,,
B1 confirmed,l-profile/single-09,greedy_index_order,2,2,2,1.0000,1.0000,0,1.0000,0,2,2,,
B1 confirmed,l-profile/single-10,greedy_index_order,2,2,2,1.0000,1.0000,0,1.0000,0,2,4,,
B1 confirmed,l-profile/single-11,greedy_index_order,3,3,3,1.0000,1.0000,0,1.0000,0,3,3,,
B1 confirmed,l-profile/single-12,greedy_index_order,2,2,2,1.0000,1.0000,0,1.0000,0,2,2,,
B1 confirmed,l-profile/standing-01,greedy_index_order,3,3,3,1.0000,1.0000,0,1.0000,0,3,3,,
B1 confirmed,l-profile/standing-02,greedy_index_order,4,4,4,1.0000,1.0000,0,1.0000,0,4,4,,
B1 confirmed,l-profile/standing-03,greedy_index_order,4,4,4,1.0000,1.0000,0,1.0000,0,4,4,,
B1 confirmed,l-profile/standing-04,greedy_index_order,4,4,4,1.0000,1.0000,0,1.0000,0,4,4,,
B1 confirmed,l-profile/standing-05,greedy_index_order,3,3,3,1.0000,1.0000,0,1.0000,0,3,3,,
B1 confirmed,l-profile/tilted-01,greedy_index_order,2,2,2,1.0000,1.0000,0,1.0000,0,2,3,,
B1 confirmed,square-profile/single-01,greedy_index_order,8,8,8,1.0000,1.0000,0,1.0000,0,10,8,,
B1 confirmed,square-profile/single-02,greedy_index_order,4,4,4,1.0000,1.0000,0,1.0000,0,4,4,,
B1 confirmed,square-profile/single-03,greedy_index_order,4,4,4,1.0000,1.0000,0,1.0000,0,4,4,,
B1 confirmed,square-profile/single-04,greedy_index_order,4,4,4,1.0000,1.0000,0,1.0000,0,4,4,,
B1 confirmed,square-profile/single-05,greedy_index_order,3,3,3,1.0000,1.0000,0,1.0000,0,3,4,,
B1 confirmed,square-profile/single-06,greedy_index_order,3,3,3,1.0000,1.0000,0,1.0000,0,4,3,,
B1 confirmed,square-profile/single-07,greedy_index_order,3,3,3,1.0000,1.0000,0,1.0000,0,4,3,,
B1 confirmed,square-profile/single-08,greedy_index_order,4,4,4,1.0000,1.0000,0,1.0000,0,4,4,,
B1 confirmed,square-profile/single-09,greedy_index_order,3,3,3,1.0000,1.0000,0,1.0000,0,3,3,,
B1 confirmed,square-profile/single-10,greedy_index_order,2,2,2,1.0000,1.0000,0,1.0000,0,2,2,,
B1 confirmed,square-profile/single-11,greedy_index_order,5,5,5,1.0000,1.0000,0,1.0000,0,8,5,,
B1 confirmed,square-profile/single-12,greedy_index_order,3,3,3,1.0000,1.0000,0,1.0000,0,3,3,,
B1 confirmed,square-profile/single-13,greedy_index_order,3,3,3,1.0000,1.0000,0,1.0000,0,3,3,,
B1 confirmed,square-profile/single-14,greedy_index_order,3,3,3,1.0000,1.0000,0,1.0000,0,3,3,,
B1 confirmed,square-profile/single-15,greedy_index_order,3,3,3,1.0000,1.0000,0,1.0000,0,3,3,,
B1 confirmed,square-profile/single-16,greedy_index_order,2,3,3,0.6667,1.0000,0,1.0000,0,4,3,,
B1 confirmed,square-profile/single-17,greedy_index_order,4,4,4,1.0000,1.0000,0,1.0000,0,6,10,,
B1 confirmed,square-profile/single-18,greedy_index_order,19,22,22,0.8636,0.9048,0,0.9048,0,28,25,,
B1 confirmed,square-profile/single-19,greedy_index_order,3,3,3,1.0000,1.0000,0,1.0000,0,3,3,,
B1 confirmed,square-profile/single-20,greedy_index_order,0,4,4,0.0000,0.0000,1,1.0000,0,5,9,,
B1 confirmed,square-profile/single-21,greedy_index_order,7,7,7,1.0000,1.0000,0,1.0000,0,8,7,,
B1 confirmed,square-profile/single-22,greedy_index_order,0,7,7,0.0000,0.0000,1,1.0000,0,8,8,,
B1 confirmed,square-profile/single-23,greedy_index_order,7,7,7,1.0000,1.0000,0,1.0000,0,7,8,,
B1 confirmed,square-profile/single-24,greedy_index_order,8,8,8,1.0000,1.0000,0,1.0000,0,8,8,,
B1 confirmed,square-profile/single-25,greedy_index_order,7,7,7,1.0000,1.0000,0,1.0000,0,8,7,,
B1 confirmed,square-profile/single-26,greedy_index_order,7,7,7,1.0000,1.0000,0,1.0000,0,7,8,,
B1 confirmed,square-profile/single-27,greedy_index_order,9,9,9,1.0000,1.0000,0,1.0000,0,9,9,,
B1 confirmed,square-profile/single-28,greedy_index_order,9,9,9,1.0000,1.0000,0,1.0000,0,9,9,,
B1 confirmed,square-profile/standing-01,greedy_index_order,4,4,4,1.0000,1.0000,0,1.0000,0,4,4,,
B1 confirmed,complex-profile/single-01,hungarian,1,1,1,1.0000,1.0000,0,1.0000,0,4,2,0.3576,
B1 confirmed,complex-profile/single-02,hungarian,1,1,1,1.0000,1.0000,0,1.0000,0,2,2,2.0056,
B1 confirmed,complex-profile/single-03,hungarian,2,2,2,1.0000,1.0000,0,1.0000,0,2,2,1.6316,
B1 confirmed,complex-profile/single-04,hungarian,1,1,1,1.0000,1.0000,0,1.0000,0,1,1,4.8904,
B1 confirmed,heavy-profile/single-01,hungarian,3,3,3,1.0000,1.0000,0,1.0000,0,3,3,0.1407,
B1 confirmed,heavy-profile/single-02,hungarian,3,3,3,1.0000,1.0000,0,1.0000,0,3,3,0.1344,
B1 confirmed,heavy-profile/single-03,hungarian,3,3,3,1.0000,1.0000,0,1.0000,0,3,3,0.1245,
B1 confirmed,heavy-profile/single-04,hungarian,3,3,3,1.0000,1.0000,0,1.0000,0,3,3,0.4672,
B1 confirmed,heavy-profile/single-05,hungarian,3,3,3,1.0000,1.0000,0,1.0000,0,3,3,1.1902,
B1 confirmed,heavy-profile/single-06,hungarian,3,3,3,1.0000,1.0000,0,1.0000,0,3,3,0.8971,
B1 confirmed,heavy-profile/single-07,hungarian,3,3,3,1.0000,1.0000,0,1.0000,0,3,3,0.8524,
B1 confirmed,heavy-profile/single-08,hungarian,3,3,3,1.0000,1.0000,0,1.0000,0,3,3,0.8844,
B1 confirmed,heavy-profile/single-09,hungarian,3,3,3,1.0000,1.0000,0,1.0000,0,4,3,0.8655,
B1 confirmed,heavy-profile/single-10,hungarian,2,3,3,0.6667,1.0000,0,1.0000,0,5,3,1.1822,
B1 confirmed,heavy-profile/standing-01,hungarian,3,3,3,1.0000,1.0000,0,1.0000,0,3,3,0.4827,
B1 confirmed,l-profile-reshoot/crossed-01,hungarian,2,2,2,1.0000,1.0000,0,1.0000,0,3,2,-0.4761,
B1 confirmed,l-profile-reshoot/overlap-02,hungarian,3,3,3,1.0000,1.0000,0,1.0000,0,3,3,-0.4294,
B1 confirmed,l-profile-reshoot/overlap-03,hungarian,4,4,4,1.0000,1.0000,0,1.0000,0,4,4,-1.6536,
B1 confirmed,l-profile-reshoot/overlap-04,hungarian,4,4,4,1.0000,1.0000,0,1.0000,0,4,4,-0.4088,
B1 confirmed,l-profile-reshoot/overlap-05,hungarian,3,3,3,1.0000,1.0000,0,1.0000,0,3,3,0.5830,
B1 confirmed,l-profile-reshoot/overlap-06,hungarian,3,3,3,1.0000,1.0000,0,1.0000,0,3,3,1.1959,
B1 confirmed,l-profile-reshoot/overlap-07,hungarian,4,4,4,1.0000,1.0000,0,1.0000,0,4,4,-0.0094,
B1 confirmed,l-profile-reshoot/overlap-08,hungarian,4,4,4,1.0000,1.0000,0,1.0000,0,4,5,-0.3669,
B1 confirmed,l-profile-reshoot/overlap-09,hungarian,4,4,4,1.0000,1.0000,0,1.0000,0,4,5,-0.4196,
B1 confirmed,l-profile-reshoot/single-01,hungarian,3,3,3,1.0000,1.0000,0,1.0000,0,4,3,1.6190,
B1 confirmed,l-profile-reshoot/single-02,hungarian,1,1,1,1.0000,1.0000,0,1.0000,0,2,2,2.7191,
B1 confirmed,l-profile-reshoot/single-03,hungarian,3,3,3,1.0000,1.0000,0,1.0000,0,3,3,1.7704,
B1 confirmed,l-profile-reshoot/standing-01,hungarian,1,4,4,0.2500,0.2500,3,0.2500,0,4,6,-1.2000,
B1 confirmed,l-profile-reshoot/standing-02,hungarian,1,4,4,0.2500,0.2500,3,0.2500,0,4,6,-0.1553,
B1 confirmed,l-profile-reshoot/standing-03,hungarian,1,4,4,0.2500,0.2500,3,0.2500,0,4,6,-0.1733,
B1 confirmed,l-profile-reshoot/standing-04,hungarian,2,2,2,1.0000,1.0000,0,1.0000,0,2,3,14.8674,
B1 confirmed,l-profile-reshoot/standing-05,hungarian,11,11,11,1.0000,1.0000,0,1.0000,0,11,11,-0.8700,
B1 confirmed,l-profile-reshoot/standing-06,hungarian,11,11,11,1.0000,1.0000,0,1.0000,0,11,11,-0.9007,
B1 confirmed,l-profile-reshoot/standing-07,hungarian,8,8,8,1.0000,1.0000,0,1.0000,0,8,9,-2.5093,
B1 confirmed,l-profile-reshoot/tilted-01,hungarian,3,3,3,1.0000,1.0000,0,1.0000,0,4,3,1.6866,
B1 confirmed,l-profile-reshoot/tilted-02,hungarian,3,3,3,1.0000,1.0000,0,1.0000,0,4,3,1.6997,
B1 confirmed,l-profile-reshoot/tilted-03,hungarian,4,4,4,1.0000,1.0000,0,1.0000,0,4,5,-0.2071,
B1 confirmed,l-profile-reshoot/tilted-04,hungarian,3,3,3,1.0000,1.0000,0,1.0000,0,3,3,1.6299,
B1 confirmed,l-profile-reshoot/tilted-05,hungarian,3,3,3,1.0000,1.0000,0,1.0000,0,3,3,1.8300,
B1 confirmed,l-profile/crossed-01,hungarian,0,4,4,0.0000,0.0000,-1,0.7500,0,4,4,-1.2451,
B1 confirmed,l-profile/crossed-02,hungarian,4,4,4,1.0000,1.0000,0,1.0000,0,4,4,-0.8539,
B1 confirmed,l-profile/crossed-03,hungarian,0,3,3,0.0000,0.0000,-1,0.6667,0,4,4,-1.0225,
B1 confirmed,l-profile/crossed-04,hungarian,2,2,2,1.0000,1.0000,0,1.0000,0,2,2,-0.5206,
B1 confirmed,l-profile/crossed-05,hungarian,2,2,2,1.0000,1.0000,0,1.0000,0,2,2,-1.0647,
B1 confirmed,l-profile/crossed-06,hungarian,2,2,2,1.0000,1.0000,0,1.0000,0,2,4,-0.0822,
B1 confirmed,l-profile/crossed-07,hungarian,2,3,3,0.6667,1.0000,0,1.0000,0,3,3,-0.9702,
B1 confirmed,l-profile/crossed-08,hungarian,0,3,3,0.0000,0.0000,1,1.0000,0,3,3,-0.9520,
B1 confirmed,l-profile/overlap-01,hungarian,3,5,5,0.6000,0.6000,0,0.6000,0,5,6,-0.0958,
B1 confirmed,l-profile/overlap-02,hungarian,0,2,2,0.0000,0.0000,-1,0.5000,0,2,2,-1.6944,
B1 confirmed,l-profile/overlap-03,hungarian,2,4,4,0.5000,0.5000,0,0.5000,0,4,5,0.0145,
B1 confirmed,l-profile/overlap-04,hungarian,2,3,3,0.6667,0.6667,0,0.6667,0,4,4,-2.2104,
B1 confirmed,l-profile/overlap-05,hungarian,1,3,3,0.3333,0.3333,-1,0.3333,0,4,4,-1.2784,
B1 confirmed,l-profile/overlap-06,hungarian,1,3,3,0.3333,0.3333,-1,0.3333,0,4,4,-1.2693,
B1 confirmed,l-profile/overlap-07,hungarian,1,3,3,0.3333,0.3333,-1,0.3333,0,4,4,-1.1899,
B1 confirmed,l-profile/overlap-08,hungarian,1,3,3,0.3333,0.3333,-1,0.3333,0,4,4,-1.3290,
B1 confirmed,l-profile/overlap-09,hungarian,1,3,3,0.3333,0.3333,-1,0.3333,0,4,4,-1.2792,
B1 confirmed,l-profile/overlap-10,hungarian,3,3,3,1.0000,1.0000,0,1.0000,0,4,4,-1.2381,
B1 confirmed,l-profile/overlap-11,hungarian,4,4,4,1.0000,1.0000,0,1.0000,0,4,4,0.4131,
B1 confirmed,l-profile/overlap-12,hungarian,3,3,3,1.0000,1.0000,0,1.0000,0,3,3,-0.8593,
B1 confirmed,l-profile/overlap-13,hungarian,1,2,2,0.5000,1.0000,0,1.0000,0,3,2,1.2666,
B1 confirmed,l-profile/overlap-14,hungarian,3,3,3,1.0000,1.0000,0,1.0000,0,3,3,-0.9999,
B1 confirmed,l-profile/single-01,hungarian,0,3,3,0.0000,0.0000,-1,0.6667,0,3,3,-0.9629,
B1 confirmed,l-profile/single-02,hungarian,0,3,3,0.0000,0.0000,-1,0.6667,0,3,3,-0.9586,
B1 confirmed,l-profile/single-03,hungarian,0,3,3,0.0000,0.0000,-1,0.6667,0,3,3,-0.9589,
B1 confirmed,l-profile/single-04,hungarian,0,2,2,0.0000,0.0000,-1,1.0000,0,3,2,1.9737,
B1 confirmed,l-profile/single-05,hungarian,0,3,3,0.0000,0.0000,-1,0.6667,0,3,3,-0.9587,
B1 confirmed,l-profile/single-06,hungarian,0,3,3,0.0000,0.0000,-1,0.6667,0,3,3,-1.6954,
B1 confirmed,l-profile/single-07,hungarian,1,1,1,1.0000,1.0000,0,1.0000,0,2,1,4.7795,
B1 confirmed,l-profile/single-08,hungarian,1,1,1,1.0000,1.0000,0,1.0000,0,2,2,2.5989,
B1 confirmed,l-profile/single-09,hungarian,2,2,2,1.0000,1.0000,0,1.0000,0,2,2,2.5478,
B1 confirmed,l-profile/single-10,hungarian,2,2,2,1.0000,1.0000,0,1.0000,0,2,4,0.3471,
B1 confirmed,l-profile/single-11,hungarian,3,3,3,1.0000,1.0000,0,1.0000,0,3,3,-0.9581,
B1 confirmed,l-profile/single-12,hungarian,0,2,2,0.0000,0.0000,-1,0.5000,0,2,2,-1.0949,
B1 confirmed,l-profile/standing-01,hungarian,3,3,3,1.0000,1.0000,0,1.0000,0,3,3,-1.5952,
B1 confirmed,l-profile/standing-02,hungarian,4,4,4,1.0000,1.0000,0,1.0000,0,4,4,-0.4454,
B1 confirmed,l-profile/standing-03,hungarian,4,4,4,1.0000,1.0000,0,1.0000,0,4,4,-0.2949,
B1 confirmed,l-profile/standing-04,hungarian,2,4,4,0.5000,0.5000,0,0.5000,0,4,4,-0.3295,
B1 confirmed,l-profile/standing-05,hungarian,3,3,3,1.0000,1.0000,0,1.0000,0,3,3,-0.1790,
B1 confirmed,l-profile/tilted-01,hungarian,0,2,2,0.0000,0.0000,1,0.5000,0,2,3,0.4743,
B1 confirmed,square-profile/single-01,hungarian,0,8,8,0.0000,0.0000,2,0.6667,0,10,8,-0.8780,
B1 confirmed,square-profile/single-02,hungarian,4,4,4,1.0000,1.0000,0,1.0000,0,4,4,-0.6751,
B1 confirmed,square-profile/single-03,hungarian,4,4,4,1.0000,1.0000,0,1.0000,0,4,4,-0.6740,
B1 confirmed,square-profile/single-04,hungarian,4,4,4,1.0000,1.0000,0,1.0000,0,4,4,-0.6433,
B1 confirmed,square-profile/single-05,hungarian,0,3,3,0.0000,0.0000,-1,0.6667,0,3,4,-3.1542,
B1 confirmed,square-profile/single-06,hungarian,3,3,3,1.0000,1.0000,0,1.0000,0,4,3,0.7656,
B1 confirmed,square-profile/single-07,hungarian,3,3,3,1.0000,1.0000,0,1.0000,0,4,3,0.4943,
B1 confirmed,square-profile/single-08,hungarian,4,4,4,1.0000,1.0000,0,1.0000,0,4,4,0.0139,
B1 confirmed,square-profile/single-09,hungarian,3,3,3,1.0000,1.0000,0,1.0000,0,3,3,0.2662,
B1 confirmed,square-profile/single-10,hungarian,2,2,2,1.0000,1.0000,0,1.0000,0,2,2,0.4340,
B1 confirmed,square-profile/single-11,hungarian,1,5,5,0.2000,0.2500,1,0.7500,0,8,5,0.2283,
B1 confirmed,square-profile/single-12,hungarian,3,3,3,1.0000,1.0000,0,1.0000,0,3,3,0.5985,
B1 confirmed,square-profile/single-13,hungarian,3,3,3,1.0000,1.0000,0,1.0000,0,3,3,-0.0391,
B1 confirmed,square-profile/single-14,hungarian,3,3,3,1.0000,1.0000,0,1.0000,0,3,3,-0.5890,
B1 confirmed,square-profile/single-15,hungarian,3,3,3,1.0000,1.0000,0,1.0000,0,3,3,-0.2140,
B1 confirmed,square-profile/single-16,hungarian,3,3,3,1.0000,1.0000,0,1.0000,0,4,3,-0.2166,
B1 confirmed,square-profile/single-17,hungarian,2,4,4,0.5000,0.5000,0,0.5000,0,6,10,-1.9615,
B1 confirmed,square-profile/single-18,hungarian,17,22,22,0.7727,0.8095,0,0.8095,0,28,25,-2.9833,
B1 confirmed,square-profile/single-19,hungarian,3,3,3,1.0000,1.0000,0,1.0000,0,3,3,0.1800,
B1 confirmed,square-profile/single-20,hungarian,0,4,4,0.0000,0.0000,-2,0.7500,0,5,9,-0.3446,
B1 confirmed,square-profile/single-21,hungarian,0,7,7,0.0000,0.0000,1,1.0000,0,8,7,-0.2597,
B1 confirmed,square-profile/single-22,hungarian,7,7,7,1.0000,1.0000,0,1.0000,0,8,8,-0.4933,
B1 confirmed,square-profile/single-23,hungarian,5,7,7,0.7143,0.7143,0,0.7143,0,7,8,-0.1668,
B1 confirmed,square-profile/single-24,hungarian,8,8,8,1.0000,1.0000,0,1.0000,0,8,8,-0.2753,
B1 confirmed,square-profile/single-25,hungarian,7,7,7,1.0000,1.0000,0,1.0000,0,8,7,0.4936,
B1 confirmed,square-profile/single-26,hungarian,7,7,7,1.0000,1.0000,0,1.0000,0,7,8,0.5066,
B1 confirmed,square-profile/single-27,hungarian,9,9,9,1.0000,1.0000,0,1.0000,0,9,9,-0.2045,
B1 confirmed,square-profile/single-28,hungarian,9,9,9,1.0000,1.0000,0,1.0000,0,9,9,-0.4560,
B1 confirmed,square-profile/standing-01,hungarian,4,4,4,1.0000,1.0000,0,1.0000,0,4,4,0.3683,
B1 confirmed,complex-profile/single-01,hungarian_aligned,1,1,1,1.0000,1.0000,0,1.0000,0,4,2,3.2793,65.444
B1 confirmed,complex-profile/single-02,hungarian_aligned,1,1,1,1.0000,1.0000,0,1.0000,0,2,2,2.4983,22.610
B1 confirmed,complex-profile/single-03,hungarian_aligned,2,2,2,1.0000,1.0000,0,1.0000,0,2,2,2.4962,32.008
B1 confirmed,complex-profile/single-04,hungarian_aligned,1,1,1,1.0000,1.0000,0,1.0000,0,1,1,7.5000,49.589
B1 confirmed,heavy-profile/single-01,hungarian_aligned,3,3,3,1.0000,1.0000,0,1.0000,0,3,3,1.0729,-46.700
B1 confirmed,heavy-profile/single-02,hungarian_aligned,3,3,3,1.0000,1.0000,0,1.0000,0,3,3,1.0861,-46.443
B1 confirmed,heavy-profile/single-03,hungarian_aligned,3,3,3,1.0000,1.0000,0,1.0000,0,3,3,1.0866,-46.670
B1 confirmed,heavy-profile/single-04,hungarian_aligned,3,3,3,1.0000,1.0000,0,1.0000,0,3,3,1.8819,-31.774
B1 confirmed,heavy-profile/single-05,hungarian_aligned,3,3,3,1.0000,1.0000,0,1.0000,0,3,3,1.7960,-20.451
B1 confirmed,heavy-profile/single-06,hungarian_aligned,3,3,3,1.0000,1.0000,0,1.0000,0,3,3,1.9443,-27.376
B1 confirmed,heavy-profile/single-07,hungarian_aligned,3,3,3,1.0000,1.0000,0,1.0000,0,3,3,1.9319,-28.042
B1 confirmed,heavy-profile/single-08,hungarian_aligned,3,3,3,1.0000,1.0000,0,1.0000,0,3,3,2.0610,-28.223
B1 confirmed,heavy-profile/single-09,hungarian_aligned,3,3,3,1.0000,1.0000,0,1.0000,0,4,3,2.0829,-28.328
B1 confirmed,heavy-profile/single-10,hungarian_aligned,2,3,3,0.6667,1.0000,0,1.0000,0,5,3,1.8946,-15.922
B1 confirmed,heavy-profile/standing-01,hungarian_aligned,3,3,3,1.0000,1.0000,0,1.0000,0,3,3,1.9478,-32.831
B1 confirmed,l-profile-reshoot/crossed-01,hungarian_aligned,1,2,2,0.5000,1.0000,0,1.0000,0,3,2,0.5702,-37.784
B1 confirmed,l-profile-reshoot/overlap-02,hungarian_aligned,3,3,3,1.0000,1.0000,0,1.0000,0,3,3,1.2827,38.605
B1 confirmed,l-profile-reshoot/overlap-03,hungarian_aligned,4,4,4,1.0000,1.0000,0,1.0000,0,4,4,-0.0646,39.108
B1 confirmed,l-profile-reshoot/overlap-04,hungarian_aligned,4,4,4,1.0000,1.0000,0,1.0000,0,4,4,0.5046,21.804
B1 confirmed,l-profile-reshoot/overlap-05,hungarian_aligned,3,3,3,1.0000,1.0000,0,1.0000,0,3,3,0.6005,-1.626
B1 confirmed,l-profile-reshoot/overlap-06,hungarian_aligned,3,3,3,1.0000,1.0000,0,1.0000,0,3,3,1.3290,-2.994
B1 confirmed,l-profile-reshoot/overlap-07,hungarian_aligned,4,4,4,1.0000,1.0000,0,1.0000,0,4,4,0.6951,16.472
B1 confirmed,l-profile-reshoot/overlap-08,hungarian_aligned,0,4,4,0.0000,0.0000,-1,1.0000,0,4,5,0.5984,64.226
B1 confirmed,l-profile-reshoot/overlap-09,hungarian_aligned,1,4,4,0.2500,0.2500,-1,0.7500,0,4,5,1.1361,70.370
B1 confirmed,l-profile-reshoot/single-01,hungarian_aligned,3,3,3,1.0000,1.0000,0,1.0000,0,4,3,3.1864,36.818
B1 confirmed,l-profile-reshoot/single-02,hungarian_aligned,1,1,1,1.0000,1.0000,0,1.0000,0,2,2,3.2024,-10.686
B1 confirmed,l-profile-reshoot/single-03,hungarian_aligned,3,3,3,1.0000,1.0000,0,1.0000,0,3,3,4.2663,55.289
B1 confirmed,l-profile-reshoot/standing-01,hungarian_aligned,4,4,4,1.0000,1.0000,0,1.0000,0,4,6,-0.8875,-147.691
B1 confirmed,l-profile-reshoot/standing-02,hungarian_aligned,4,4,4,1.0000,1.0000,0,1.0000,0,4,6,2.8638,-133.003
B1 confirmed,l-profile-reshoot/standing-03,hungarian_aligned,4,4,4,1.0000,1.0000,0,1.0000,0,4,6,3.3782,-130.427
B1 confirmed,l-profile-reshoot/standing-04,hungarian_aligned,2,2,2,1.0000,1.0000,0,1.0000,0,2,3,16.8922,23.214
B1 confirmed,l-profile-reshoot/standing-05,hungarian_aligned,0,11,11,0.0000,0.0000,-1,0.9091,0,11,11,-3.8763,21.313
B1 confirmed,l-profile-reshoot/standing-06,hungarian_aligned,0,11,11,0.0000,0.0000,-1,0.9091,0,11,11,-3.8638,21.343
B1 confirmed,l-profile-reshoot/standing-07,hungarian_aligned,8,8,8,1.0000,1.0000,0,1.0000,0,8,9,-2.6117,-4.497
B1 confirmed,l-profile-reshoot/tilted-01,hungarian_aligned,3,3,3,1.0000,1.0000,0,1.0000,0,4,3,3.1501,37.664
B1 confirmed,l-profile-reshoot/tilted-02,hungarian_aligned,3,3,3,1.0000,1.0000,0,1.0000,0,4,3,3.1853,36.770
B1 confirmed,l-profile-reshoot/tilted-03,hungarian_aligned,1,4,4,0.2500,0.2500,-1,0.5000,0,4,5,0.4401,30.360
B1 confirmed,l-profile-reshoot/tilted-04,hungarian_aligned,3,3,3,1.0000,1.0000,0,1.0000,0,3,3,4.2611,55.481
B1 confirmed,l-profile-reshoot/tilted-05,hungarian_aligned,3,3,3,1.0000,1.0000,0,1.0000,0,3,3,4.3344,52.626
B1 confirmed,l-profile/crossed-01,hungarian_aligned,0,4,4,0.0000,0.0000,-1,0.7500,0,4,4,-1.0459,11.461
B1 confirmed,l-profile/crossed-02,hungarian_aligned,4,4,4,1.0000,1.0000,0,1.0000,0,4,4,-2.9902,-54.214
B1 confirmed,l-profile/crossed-03,hungarian_aligned,3,3,3,1.0000,1.0000,0,1.0000,0,4,4,-0.1924,-87.264
B1 confirmed,l-profile/crossed-04,hungarian_aligned,2,2,2,1.0000,1.0000,0,1.0000,0,2,2,1.8658,53.707
B1 confirmed,l-profile/crossed-05,hungarian_aligned,2,2,2,1.0000,1.0000,0,1.0000,0,2,2,1.3235,53.854
B1 confirmed,l-profile/crossed-06,hungarian_aligned,2,2,2,1.0000,1.0000,0,1.0000,0,2,4,1.4384,-34.203
B1 confirmed,l-profile/crossed-07,hungarian_aligned,2,3,3,0.6667,1.0000,0,1.0000,0,3,3,2.2532,72.612
B1 confirmed,l-profile/crossed-08,hungarian_aligned,2,3,3,0.6667,1.0000,0,1.0000,0,3,3,2.2552,72.485
B1 confirmed,l-profile/overlap-01,hungarian_aligned,3,5,5,0.6000,0.6000,0,0.6000,0,5,6,-0.0439,-18.877
B1 confirmed,l-profile/overlap-02,hungarian_aligned,2,2,2,1.0000,1.0000,0,1.0000,0,2,2,1.1280,-79.397
B1 confirmed,l-profile/overlap-03,hungarian_aligned,2,4,4,0.5000,0.5000,0,0.5000,0,4,5,-0.7343,-29.229
B1 confirmed,l-profile/overlap-04,hungarian_aligned,0,3,3,0.0000,0.0000,1,1.0000,0,4,4,0.1589,-85.719
B1 confirmed,l-profile/overlap-05,hungarian_aligned,3,3,3,1.0000,1.0000,0,1.0000,0,4,4,0.4067,-102.874
B1 confirmed,l-profile/overlap-06,hungarian_aligned,3,3,3,1.0000,1.0000,0,1.0000,0,4,4,0.4336,-102.821
B1 confirmed,l-profile/overlap-07,hungarian_aligned,3,3,3,1.0000,1.0000,0,1.0000,0,4,4,0.5814,-102.861
B1 confirmed,l-profile/overlap-08,hungarian_aligned,3,3,3,1.0000,1.0000,0,1.0000,0,4,4,0.3289,-102.463
B1 confirmed,l-profile/overlap-09,hungarian_aligned,3,3,3,1.0000,1.0000,0,1.0000,0,4,4,0.4131,-102.819
B1 confirmed,l-profile/overlap-10,hungarian_aligned,0,3,3,0.0000,0.0000,1,1.0000,0,4,4,-0.0938,-89.271
B1 confirmed,l-profile/overlap-11,hungarian_aligned,4,4,4,1.0000,1.0000,0,1.0000,0,4,4,0.5743,-8.713
B1 confirmed,l-profile/overlap-12,hungarian_aligned,3,3,3,1.0000,1.0000,0,1.0000,0,3,3,0.2643,-39.544
B1 confirmed,l-profile/overlap-13,hungarian_aligned,1,2,2,0.5000,1.0000,0,1.0000,0,3,2,3.0522,-40.196
B1 confirmed,l-profile/overlap-14,hungarian_aligned,1,3,3,0.3333,0.3333,-1,0.3333,0,3,3,-3.6636,-37.202
B1 confirmed,l-profile/single-01,hungarian_aligned,3,3,3,1.0000,1.0000,0,1.0000,0,3,3,1.6762,-91.670
B1 confirmed,l-profile/single-02,hungarian_aligned,3,3,3,1.0000,1.0000,0,1.0000,0,3,3,1.6775,-91.860
B1 confirmed,l-profile/single-03,hungarian_aligned,3,3,3,1.0000,1.0000,0,1.0000,0,3,3,1.6842,-91.850
B1 confirmed,l-profile/single-04,hungarian_aligned,0,2,2,0.0000,0.0000,-1,1.0000,0,3,2,2.4965,11.881
B1 confirmed,l-profile/single-05,hungarian_aligned,0,3,3,0.0000,0.0000,-1,0.6667,0,3,3,-2.1595,13.470
B1 confirmed,l-profile/single-06,hungarian_aligned,3,3,3,1.0000,1.0000,0,1.0000,0,3,3,0.2017,-100.057
B1 confirmed,l-profile/single-07,hungarian_aligned,1,1,1,1.0000,1.0000,0,1.0000,0,2,1,7.5000,-54.916
B1 confirmed,l-profile/single-08,hungarian_aligned,1,1,1,1.0000,1.0000,0,1.0000,0,2,2,3.9509,12.000
B1 confirmed,l-profile/single-09,hungarian_aligned,2,2,2,1.0000,1.0000,0,1.0000,0,2,2,2.8084,-5.881
B1 confirmed,l-profile/single-10,hungarian_aligned,2,2,2,1.0000,1.0000,0,1.0000,0,2,4,-0.5944,-34.194
B1 confirmed,l-profile/single-11,hungarian_aligned,1,3,3,0.3333,0.3333,-1,0.3333,0,3,3,-3.5514,-38.909
B1 confirmed,l-profile/single-12,hungarian_aligned,2,2,2,1.0000,1.0000,0,1.0000,0,2,2,1.5014,-82.275
B1 confirmed,l-profile/standing-01,hungarian_aligned,3,3,3,1.0000,1.0000,0,1.0000,0,3,3,1.4142,-75.029
B1 confirmed,l-profile/standing-02,hungarian_aligned,4,4,4,1.0000,1.0000,0,1.0000,0,4,4,1.4985,-44.891
B1 confirmed,l-profile/standing-03,hungarian_aligned,4,4,4,1.0000,1.0000,0,1.0000,0,4,4,-0.5286,-32.200
B1 confirmed,l-profile/standing-04,hungarian_aligned,2,4,4,0.5000,0.5000,0,0.5000,0,4,4,0.2745,20.177
B1 confirmed,l-profile/standing-05,hungarian_aligned,3,3,3,1.0000,1.0000,0,1.0000,0,3,3,0.1411,17.027
B1 confirmed,l-profile/tilted-01,hungarian_aligned,2,2,2,1.0000,1.0000,0,1.0000,0,2,3,0.1902,-73.846
B1 confirmed,square-profile/single-01,hungarian_aligned,8,8,8,1.0000,1.0000,0,1.0000,0,10,8,-1.1244,61.100
B1 confirmed,square-profile/single-02,hungarian_aligned,0,4,4,0.0000,0.0000,1,0.7500,0,4,4,-3.5377,-39.219
B1 confirmed,square-profile/single-03,hungarian_aligned,4,4,4,1.0000,1.0000,0,1.0000,0,4,4,0.0667,16.689
B1 confirmed,square-profile/single-04,hungarian_aligned,4,4,4,1.0000,1.0000,0,1.0000,0,4,4,0.0729,16.155
B1 confirmed,square-profile/single-05,hungarian_aligned,2,3,3,0.6667,0.6667,0,0.6667,0,3,4,-2.0189,29.036
B1 confirmed,square-profile/single-06,hungarian_aligned,3,3,3,1.0000,1.0000,0,1.0000,0,4,3,0.8575,1.869
B1 confirmed,square-profile/single-07,hungarian_aligned,3,3,3,1.0000,1.0000,0,1.0000,0,4,3,0.6162,-12.263
B1 confirmed,square-profile/single-08,hungarian_aligned,4,4,4,1.0000,1.0000,0,1.0000,0,4,4,-0.1752,13.607
B1 confirmed,square-profile/single-09,hungarian_aligned,3,3,3,1.0000,1.0000,0,1.0000,0,3,3,0.6432,8.498
B1 confirmed,square-profile/single-10,hungarian_aligned,2,2,2,1.0000,1.0000,0,1.0000,0,2,2,0.8185,8.843
B1 confirmed,square-profile/single-11,hungarian_aligned,5,5,5,1.0000,1.0000,0,1.0000,0,8,5,0.2036,59.809
B1 confirmed,square-profile/single-12,hungarian_aligned,0,3,3,0.0000,0.0000,1,0.6667,0,3,3,-3.1713,-70.470
B1 confirmed,square-profile/single-13,hungarian_aligned,3,3,3,1.0000,1.0000,0,1.0000,0,3,3,-0.3269,6.478
B1 confirmed,square-profile/single-14,hungarian_aligned,0,3,3,0.0000,0.0000,-1,0.6667,0,3,3,-3.0476,108.360
B1 confirmed,square-profile/single-15,hungarian_aligned,0,3,3,0.0000,0.0000,-1,0.6667,0,3,3,-3.4889,88.470
B1 confirmed,square-profile/single-16,hungarian_aligned,0,3,3,0.0000,0.0000,-1,0.6667,0,4,3,-4.3008,87.977
B1 confirmed,square-profile/single-17,hungarian_aligned,4,4,4,1.0000,1.0000,0,1.0000,0,6,10,-1.7830,-8.959
B1 confirmed,square-profile/single-18,hungarian_aligned,18,22,22,0.8182,0.8571,0,0.8571,0,28,25,-2.7792,-15.035
B1 confirmed,square-profile/single-19,hungarian_aligned,3,3,3,1.0000,1.0000,0,1.0000,0,3,3,0.7454,-16.701
B1 confirmed,square-profile/single-20,hungarian_aligned,4,4,4,1.0000,1.0000,0,1.0000,0,5,9,0.0467,-58.884
B1 confirmed,square-profile/single-21,hungarian_aligned,7,7,7,1.0000,1.0000,0,1.0000,0,8,7,0.0750,31.913
B1 confirmed,square-profile/single-22,hungarian_aligned,7,7,7,1.0000,1.0000,0,1.0000,0,8,8,0.1143,-14.333
B1 confirmed,square-profile/single-23,hungarian_aligned,7,7,7,1.0000,1.0000,0,1.0000,0,7,8,0.0549,6.643
B1 confirmed,square-profile/single-24,hungarian_aligned,8,8,8,1.0000,1.0000,0,1.0000,0,8,8,0.0588,7.964
B1 confirmed,square-profile/single-25,hungarian_aligned,7,7,7,1.0000,1.0000,0,1.0000,0,8,7,0.7477,5.737
B1 confirmed,square-profile/single-26,hungarian_aligned,0,7,7,0.0000,0.0000,-1,1.0000,0,7,8,0.8048,33.654
B1 confirmed,square-profile/single-27,hungarian_aligned,9,9,9,1.0000,1.0000,0,1.0000,0,9,9,-0.0370,9.362
B1 confirmed,square-profile/single-28,hungarian_aligned,9,9,9,1.0000,1.0000,0,1.0000,0,9,9,-0.0709,8.677
B1 confirmed,square-profile/standing-01,hungarian_aligned,4,4,4,1.0000,1.0000,0,1.0000,0,4,4,0.8321,10.471
B1 confirmed,complex-profile/single-01,monotone_aligned,1,1,1,1.0000,1.0000,0,1.0000,0,4,2,,65.444
B1 confirmed,complex-profile/single-02,monotone_aligned,1,1,1,1.0000,1.0000,0,1.0000,0,2,2,,22.610
B1 confirmed,complex-profile/single-03,monotone_aligned,2,2,2,1.0000,1.0000,0,1.0000,0,2,2,,32.008
B1 confirmed,complex-profile/single-04,monotone_aligned,1,1,1,1.0000,1.0000,0,1.0000,0,1,1,,49.589
B1 confirmed,heavy-profile/single-01,monotone_aligned,3,3,3,1.0000,1.0000,0,1.0000,0,3,3,,-46.700
B1 confirmed,heavy-profile/single-02,monotone_aligned,3,3,3,1.0000,1.0000,0,1.0000,0,3,3,,-46.443
B1 confirmed,heavy-profile/single-03,monotone_aligned,3,3,3,1.0000,1.0000,0,1.0000,0,3,3,,-46.670
B1 confirmed,heavy-profile/single-04,monotone_aligned,3,3,3,1.0000,1.0000,0,1.0000,0,3,3,,-31.774
B1 confirmed,heavy-profile/single-05,monotone_aligned,3,3,3,1.0000,1.0000,0,1.0000,0,3,3,,-20.451
B1 confirmed,heavy-profile/single-06,monotone_aligned,3,3,3,1.0000,1.0000,0,1.0000,0,3,3,,-27.376
B1 confirmed,heavy-profile/single-07,monotone_aligned,3,3,3,1.0000,1.0000,0,1.0000,0,3,3,,-28.042
B1 confirmed,heavy-profile/single-08,monotone_aligned,3,3,3,1.0000,1.0000,0,1.0000,0,3,3,,-28.223
B1 confirmed,heavy-profile/single-09,monotone_aligned,3,3,3,1.0000,1.0000,0,1.0000,0,4,3,,-28.328
B1 confirmed,heavy-profile/single-10,monotone_aligned,2,3,3,0.6667,1.0000,0,1.0000,0,5,3,,-15.922
B1 confirmed,heavy-profile/standing-01,monotone_aligned,3,3,3,1.0000,1.0000,0,1.0000,0,3,3,,-32.831
B1 confirmed,l-profile-reshoot/crossed-01,monotone_aligned,1,2,2,0.5000,1.0000,0,1.0000,0,3,2,,-37.784
B1 confirmed,l-profile-reshoot/overlap-02,monotone_aligned,3,3,3,1.0000,1.0000,0,1.0000,0,3,3,,38.605
B1 confirmed,l-profile-reshoot/overlap-03,monotone_aligned,4,4,4,1.0000,1.0000,0,1.0000,0,4,4,,39.108
B1 confirmed,l-profile-reshoot/overlap-04,monotone_aligned,4,4,4,1.0000,1.0000,0,1.0000,0,4,4,,21.804
B1 confirmed,l-profile-reshoot/overlap-05,monotone_aligned,3,3,3,1.0000,1.0000,0,1.0000,0,3,3,,-1.626
B1 confirmed,l-profile-reshoot/overlap-06,monotone_aligned,3,3,3,1.0000,1.0000,0,1.0000,0,3,3,,-2.994
B1 confirmed,l-profile-reshoot/overlap-07,monotone_aligned,4,4,4,1.0000,1.0000,0,1.0000,0,4,4,,16.472
B1 confirmed,l-profile-reshoot/overlap-08,monotone_aligned,0,4,4,0.0000,0.0000,-1,1.0000,0,4,5,,64.226
B1 confirmed,l-profile-reshoot/overlap-09,monotone_aligned,1,4,4,0.2500,0.2500,-1,0.7500,0,4,5,,70.370
B1 confirmed,l-profile-reshoot/single-01,monotone_aligned,3,3,3,1.0000,1.0000,0,1.0000,0,4,3,,36.818
B1 confirmed,l-profile-reshoot/single-02,monotone_aligned,1,1,1,1.0000,1.0000,0,1.0000,0,2,2,,-10.686
B1 confirmed,l-profile-reshoot/single-03,monotone_aligned,2,3,3,0.6667,1.0000,0,1.0000,0,3,3,,50.199
B1 confirmed,l-profile-reshoot/standing-01,monotone_aligned,4,4,4,1.0000,1.0000,0,1.0000,0,4,6,,-147.691
B1 confirmed,l-profile-reshoot/standing-02,monotone_aligned,4,4,4,1.0000,1.0000,0,1.0000,0,4,6,,-133.003
B1 confirmed,l-profile-reshoot/standing-03,monotone_aligned,4,4,4,1.0000,1.0000,0,1.0000,0,4,6,,-130.427
B1 confirmed,l-profile-reshoot/standing-04,monotone_aligned,2,2,2,1.0000,1.0000,0,1.0000,0,2,3,,23.214
B1 confirmed,l-profile-reshoot/standing-05,monotone_aligned,11,11,11,1.0000,1.0000,0,1.0000,0,11,11,,-3.092
B1 confirmed,l-profile-reshoot/standing-06,monotone_aligned,11,11,11,1.0000,1.0000,0,1.0000,0,11,11,,-2.670
B1 confirmed,l-profile-reshoot/standing-07,monotone_aligned,8,8,8,1.0000,1.0000,0,1.0000,0,8,9,,-4.497
B1 confirmed,l-profile-reshoot/tilted-01,monotone_aligned,3,3,3,1.0000,1.0000,0,1.0000,0,4,3,,37.664
B1 confirmed,l-profile-reshoot/tilted-02,monotone_aligned,3,3,3,1.0000,1.0000,0,1.0000,0,4,3,,36.770
B1 confirmed,l-profile-reshoot/tilted-03,monotone_aligned,2,4,4,0.5000,0.5000,-1,0.5000,0,4,5,,6.481
B1 confirmed,l-profile-reshoot/tilted-04,monotone_aligned,3,3,3,1.0000,1.0000,0,1.0000,0,3,3,,55.481
B1 confirmed,l-profile-reshoot/tilted-05,monotone_aligned,3,3,3,1.0000,1.0000,0,1.0000,0,3,3,,52.626
B1 confirmed,l-profile/crossed-01,monotone_aligned,0,4,4,0.0000,0.0000,-1,0.7500,0,4,4,,11.461
B1 confirmed,l-profile/crossed-02,monotone_aligned,3,4,4,0.7500,1.0000,0,1.0000,0,4,4,,-53.933
B1 confirmed,l-profile/crossed-03,monotone_aligned,2,3,3,0.6667,1.0000,0,1.0000,0,4,4,,-98.470
B1 confirmed,l-profile/crossed-04,monotone_aligned,2,2,2,1.0000,1.0000,0,1.0000,0,2,2,,53.707
B1 confirmed,l-profile/crossed-05,monotone_aligned,2,2,2,1.0000,1.0000,0,1.0000,0,2,2,,53.854
B1 confirmed,l-profile/crossed-06,monotone_aligned,2,2,2,1.0000,1.0000,0,1.0000,0,2,4,,-34.203
B1 confirmed,l-profile/crossed-07,monotone_aligned,2,3,3,0.6667,1.0000,0,1.0000,0,3,3,,72.612
B1 confirmed,l-profile/crossed-08,monotone_aligned,2,3,3,0.6667,1.0000,0,1.0000,0,3,3,,72.485
B1 confirmed,l-profile/overlap-01,monotone_aligned,5,5,5,1.0000,1.0000,0,1.0000,0,5,6,,-18.877
B1 confirmed,l-profile/overlap-02,monotone_aligned,2,2,2,1.0000,1.0000,0,1.0000,0,2,2,,-79.397
B1 confirmed,l-profile/overlap-03,monotone_aligned,4,4,4,1.0000,1.0000,0,1.0000,0,4,5,,-29.229
B1 confirmed,l-profile/overlap-04,monotone_aligned,0,3,3,0.0000,0.0000,1,1.0000,0,4,4,,-85.719
B1 confirmed,l-profile/overlap-05,monotone_aligned,3,3,3,1.0000,1.0000,0,1.0000,0,4,4,,-102.874
B1 confirmed,l-profile/overlap-06,monotone_aligned,3,3,3,1.0000,1.0000,0,1.0000,0,4,4,,-102.821
B1 confirmed,l-profile/overlap-07,monotone_aligned,3,3,3,1.0000,1.0000,0,1.0000,0,4,4,,-102.861
B1 confirmed,l-profile/overlap-08,monotone_aligned,3,3,3,1.0000,1.0000,0,1.0000,0,4,4,,-102.463
B1 confirmed,l-profile/overlap-09,monotone_aligned,3,3,3,1.0000,1.0000,0,1.0000,0,4,4,,-102.819
B1 confirmed,l-profile/overlap-10,monotone_aligned,0,3,3,0.0000,0.0000,1,1.0000,0,4,4,,-89.271
B1 confirmed,l-profile/overlap-11,monotone_aligned,4,4,4,1.0000,1.0000,0,1.0000,0,4,4,,-8.713
B1 confirmed,l-profile/overlap-12,monotone_aligned,3,3,3,1.0000,1.0000,0,1.0000,0,3,3,,-39.544
B1 confirmed,l-profile/overlap-13,monotone_aligned,1,2,2,0.5000,1.0000,0,1.0000,0,3,2,,-40.196
B1 confirmed,l-profile/overlap-14,monotone_aligned,3,3,3,1.0000,1.0000,0,1.0000,0,3,3,,69.242
B1 confirmed,l-profile/single-01,monotone_aligned,3,3,3,1.0000,1.0000,0,1.0000,0,3,3,,-91.670
B1 confirmed,l-profile/single-02,monotone_aligned,3,3,3,1.0000,1.0000,0,1.0000,0,3,3,,-91.860
B1 confirmed,l-profile/single-03,monotone_aligned,3,3,3,1.0000,1.0000,0,1.0000,0,3,3,,-91.850
B1 confirmed,l-profile/single-04,monotone_aligned,0,2,2,0.0000,0.0000,-1,1.0000,0,3,2,,11.881
B1 confirmed,l-profile/single-05,monotone_aligned,3,3,3,1.0000,1.0000,0,1.0000,0,3,3,,-91.852
B1 confirmed,l-profile/single-06,monotone_aligned,3,3,3,1.0000,1.0000,0,1.0000,0,3,3,,-100.057
B1 confirmed,l-profile/single-07,monotone_aligned,1,1,1,1.0000,1.0000,0,1.0000,0,2,1,,-54.916
B1 confirmed,l-profile/single-08,monotone_aligned,1,1,1,1.0000,1.0000,0,1.0000,0,2,2,,12.000
B1 confirmed,l-profile/single-09,monotone_aligned,2,2,2,1.0000,1.0000,0,1.0000,0,2,2,,-5.881
B1 confirmed,l-profile/single-10,monotone_aligned,2,2,2,1.0000,1.0000,0,1.0000,0,2,4,,-34.194
B1 confirmed,l-profile/single-11,monotone_aligned,3,3,3,1.0000,1.0000,0,1.0000,0,3,3,,62.089
B1 confirmed,l-profile/single-12,monotone_aligned,2,2,2,1.0000,1.0000,0,1.0000,0,2,2,,-82.275
B1 confirmed,l-profile/standing-01,monotone_aligned,3,3,3,1.0000,1.0000,0,1.0000,0,3,3,,-75.029
B1 confirmed,l-profile/standing-02,monotone_aligned,4,4,4,1.0000,1.0000,0,1.0000,0,4,4,,-44.891
B1 confirmed,l-profile/standing-03,monotone_aligned,4,4,4,1.0000,1.0000,0,1.0000,0,4,4,,-32.200
B1 confirmed,l-profile/standing-04,monotone_aligned,4,4,4,1.0000,1.0000,0,1.0000,0,4,4,,13.516
B1 confirmed,l-profile/standing-05,monotone_aligned,3,3,3,1.0000,1.0000,0,1.0000,0,3,3,,17.027
B1 confirmed,l-profile/tilted-01,monotone_aligned,2,2,2,1.0000,1.0000,0,1.0000,0,2,3,,-73.846
B1 confirmed,square-profile/single-01,monotone_aligned,6,8,8,0.7500,0.8571,0,0.8571,0,10,8,,60.795
B1 confirmed,square-profile/single-02,monotone_aligned,4,4,4,1.0000,1.0000,0,1.0000,0,4,4,,22.431
B1 confirmed,square-profile/single-03,monotone_aligned,4,4,4,1.0000,1.0000,0,1.0000,0,4,4,,16.689
B1 confirmed,square-profile/single-04,monotone_aligned,4,4,4,1.0000,1.0000,0,1.0000,0,4,4,,16.155
B1 confirmed,square-profile/single-05,monotone_aligned,2,3,3,0.6667,0.6667,0,0.6667,0,3,4,,29.036
B1 confirmed,square-profile/single-06,monotone_aligned,3,3,3,1.0000,1.0000,0,1.0000,0,4,3,,1.869
B1 confirmed,square-profile/single-07,monotone_aligned,3,3,3,1.0000,1.0000,0,1.0000,0,4,3,,-12.263
B1 confirmed,square-profile/single-08,monotone_aligned,4,4,4,1.0000,1.0000,0,1.0000,0,4,4,,13.607
B1 confirmed,square-profile/single-09,monotone_aligned,3,3,3,1.0000,1.0000,0,1.0000,0,3,3,,8.498
B1 confirmed,square-profile/single-10,monotone_aligned,2,2,2,1.0000,1.0000,0,1.0000,0,2,2,,8.843
B1 confirmed,square-profile/single-11,monotone_aligned,5,5,5,1.0000,1.0000,0,1.0000,0,8,5,,59.809
B1 confirmed,square-profile/single-12,monotone_aligned,3,3,3,1.0000,1.0000,0,1.0000,0,3,3,,6.300
B1 confirmed,square-profile/single-13,monotone_aligned,3,3,3,1.0000,1.0000,0,1.0000,0,3,3,,6.478
B1 confirmed,square-profile/single-14,monotone_aligned,3,3,3,1.0000,1.0000,0,1.0000,0,3,3,,43.005
B1 confirmed,square-profile/single-15,monotone_aligned,3,3,3,1.0000,1.0000,0,1.0000,0,3,3,,23.622
B1 confirmed,square-profile/single-16,monotone_aligned,3,3,3,1.0000,1.0000,0,1.0000,0,4,3,,87.977
B1 confirmed,square-profile/single-17,monotone_aligned,4,4,4,1.0000,1.0000,0,1.0000,0,6,10,,-8.959
B1 confirmed,square-profile/single-18,monotone_aligned,9,22,22,0.4091,0.5294,0,0.5294,0,28,25,,-7.098
B1 confirmed,square-profile/single-19,monotone_aligned,3,3,3,1.0000,1.0000,0,1.0000,0,3,3,,-16.701
B1 confirmed,square-profile/single-20,monotone_aligned,4,4,4,1.0000,1.0000,0,1.0000,0,5,9,,-58.884
B1 confirmed,square-profile/single-21,monotone_aligned,7,7,7,1.0000,1.0000,0,1.0000,0,8,7,,31.913
B1 confirmed,square-profile/single-22,monotone_aligned,6,7,7,0.8571,1.0000,0,1.0000,0,8,8,,-13.959
B1 confirmed,square-profile/single-23,monotone_aligned,7,7,7,1.0000,1.0000,0,1.0000,0,7,8,,6.643
B1 confirmed,square-profile/single-24,monotone_aligned,8,8,8,1.0000,1.0000,0,1.0000,0,8,8,,7.964
B1 confirmed,square-profile/single-25,monotone_aligned,7,7,7,1.0000,1.0000,0,1.0000,0,8,7,,5.737
B1 confirmed,square-profile/single-26,monotone_aligned,0,7,7,0.0000,0.0000,-1,1.0000,0,7,8,,33.654
B1 confirmed,square-profile/single-27,monotone_aligned,8,9,9,0.8889,1.0000,0,1.0000,0,9,9,,8.522
B1 confirmed,square-profile/single-28,monotone_aligned,8,9,9,0.8889,1.0000,0,1.0000,0,9,9,,8.108
B1 confirmed,square-profile/standing-01,monotone_aligned,4,4,4,1.0000,1.0000,0,1.0000,0,4,4,,10.471
B1 confirmed,complex-profile/single-01,hybrid_aligned,1,1,1,1.0000,1.0000,0,1.0000,0,4,2,,
B1 confirmed,complex-profile/single-02,hybrid_aligned,1,1,1,1.0000,1.0000,0,1.0000,0,2,2,,
B1 confirmed,complex-profile/single-03,hybrid_aligned,2,2,2,1.0000,1.0000,0,1.0000,0,2,2,,
B1 confirmed,complex-profile/single-04,hybrid_aligned,1,1,1,1.0000,1.0000,0,1.0000,0,1,1,,
B1 confirmed,heavy-profile/single-01,hybrid_aligned,3,3,3,1.0000,1.0000,0,1.0000,0,3,3,,
B1 confirmed,heavy-profile/single-02,hybrid_aligned,3,3,3,1.0000,1.0000,0,1.0000,0,3,3,,
B1 confirmed,heavy-profile/single-03,hybrid_aligned,3,3,3,1.0000,1.0000,0,1.0000,0,3,3,,
B1 confirmed,heavy-profile/single-04,hybrid_aligned,3,3,3,1.0000,1.0000,0,1.0000,0,3,3,,
B1 confirmed,heavy-profile/single-05,hybrid_aligned,3,3,3,1.0000,1.0000,0,1.0000,0,3,3,,
B1 confirmed,heavy-profile/single-06,hybrid_aligned,3,3,3,1.0000,1.0000,0,1.0000,0,3,3,,
B1 confirmed,heavy-profile/single-07,hybrid_aligned,3,3,3,1.0000,1.0000,0,1.0000,0,3,3,,
B1 confirmed,heavy-profile/single-08,hybrid_aligned,3,3,3,1.0000,1.0000,0,1.0000,0,3,3,,
B1 confirmed,heavy-profile/single-09,hybrid_aligned,3,3,3,1.0000,1.0000,0,1.0000,0,4,3,,
B1 confirmed,heavy-profile/single-10,hybrid_aligned,2,3,3,0.6667,1.0000,0,1.0000,0,5,3,,
B1 confirmed,heavy-profile/standing-01,hybrid_aligned,3,3,3,1.0000,1.0000,0,1.0000,0,3,3,,
B1 confirmed,l-profile-reshoot/crossed-01,hybrid_aligned,1,2,2,0.5000,1.0000,0,1.0000,1,3,2,,
B1 confirmed,l-profile-reshoot/overlap-02,hybrid_aligned,3,3,3,1.0000,1.0000,0,1.0000,0,3,3,,
B1 confirmed,l-profile-reshoot/overlap-03,hybrid_aligned,4,4,4,1.0000,1.0000,0,1.0000,0,4,4,,
B1 confirmed,l-profile-reshoot/overlap-04,hybrid_aligned,4,4,4,1.0000,1.0000,0,1.0000,0,4,4,,
B1 confirmed,l-profile-reshoot/overlap-05,hybrid_aligned,3,3,3,1.0000,1.0000,0,1.0000,0,3,3,,
B1 confirmed,l-profile-reshoot/overlap-06,hybrid_aligned,3,3,3,1.0000,1.0000,0,1.0000,0,3,3,,
B1 confirmed,l-profile-reshoot/overlap-07,hybrid_aligned,4,4,4,1.0000,1.0000,0,1.0000,0,4,4,,
B1 confirmed,l-profile-reshoot/overlap-08,hybrid_aligned,0,4,4,0.0000,0.0000,-1,1.0000,0,4,5,,
B1 confirmed,l-profile-reshoot/overlap-09,hybrid_aligned,1,4,4,0.2500,0.2500,-1,0.7500,0,4,5,,
B1 confirmed,l-profile-reshoot/single-01,hybrid_aligned,3,3,3,1.0000,1.0000,0,1.0000,0,4,3,,
B1 confirmed,l-profile-reshoot/single-02,hybrid_aligned,1,1,1,1.0000,1.0000,0,1.0000,0,2,2,,
B1 confirmed,l-profile-reshoot/single-03,hybrid_aligned,3,3,3,1.0000,1.0000,0,1.0000,0,3,3,,
B1 confirmed,l-profile-reshoot/standing-01,hybrid_aligned,4,4,4,1.0000,1.0000,0,1.0000,0,4,6,,
B1 confirmed,l-profile-reshoot/standing-02,hybrid_aligned,4,4,4,1.0000,1.0000,0,1.0000,0,4,6,,
B1 confirmed,l-profile-reshoot/standing-03,hybrid_aligned,4,4,4,1.0000,1.0000,0,1.0000,0,4,6,,
B1 confirmed,l-profile-reshoot/standing-04,hybrid_aligned,2,2,2,1.0000,1.0000,0,1.0000,0,2,3,,
B1 confirmed,l-profile-reshoot/standing-05,hybrid_aligned,11,11,11,1.0000,1.0000,0,1.0000,0,11,11,,
B1 confirmed,l-profile-reshoot/standing-06,hybrid_aligned,11,11,11,1.0000,1.0000,0,1.0000,0,11,11,,
B1 confirmed,l-profile-reshoot/standing-07,hybrid_aligned,8,8,8,1.0000,1.0000,0,1.0000,0,8,9,,
B1 confirmed,l-profile-reshoot/tilted-01,hybrid_aligned,3,3,3,1.0000,1.0000,0,1.0000,0,4,3,,
B1 confirmed,l-profile-reshoot/tilted-02,hybrid_aligned,3,3,3,1.0000,1.0000,0,1.0000,0,4,3,,
B1 confirmed,l-profile-reshoot/tilted-03,hybrid_aligned,2,4,4,0.5000,0.5000,-1,0.5000,0,4,5,,
B1 confirmed,l-profile-reshoot/tilted-04,hybrid_aligned,3,3,3,1.0000,1.0000,0,1.0000,0,3,3,,
B1 confirmed,l-profile-reshoot/tilted-05,hybrid_aligned,3,3,3,1.0000,1.0000,0,1.0000,0,3,3,,
B1 confirmed,l-profile/crossed-01,hybrid_aligned,4,4,4,1.0000,1.0000,0,1.0000,1,4,4,,
B1 confirmed,l-profile/crossed-02,hybrid_aligned,4,4,4,1.0000,1.0000,0,1.0000,1,4,4,,
B1 confirmed,l-profile/crossed-03,hybrid_aligned,3,3,3,1.0000,1.0000,0,1.0000,1,4,4,,
B1 confirmed,l-profile/crossed-04,hybrid_aligned,2,2,2,1.0000,1.0000,0,1.0000,0,2,2,,
B1 confirmed,l-profile/crossed-05,hybrid_aligned,2,2,2,1.0000,1.0000,0,1.0000,0,2,2,,
B1 confirmed,l-profile/crossed-06,hybrid_aligned,2,2,2,1.0000,1.0000,0,1.0000,0,2,4,,
B1 confirmed,l-profile/crossed-07,hybrid_aligned,3,3,3,1.0000,1.0000,0,1.0000,1,3,3,,
B1 confirmed,l-profile/crossed-08,hybrid_aligned,3,3,3,1.0000,1.0000,0,1.0000,1,3,3,,
B1 confirmed,l-profile/overlap-01,hybrid_aligned,5,5,5,1.0000,1.0000,0,1.0000,0,5,6,,
B1 confirmed,l-profile/overlap-02,hybrid_aligned,2,2,2,1.0000,1.0000,0,1.0000,0,2,2,,
B1 confirmed,l-profile/overlap-03,hybrid_aligned,4,4,4,1.0000,1.0000,0,1.0000,0,4,5,,
B1 confirmed,l-profile/overlap-04,hybrid_aligned,0,3,3,0.0000,0.0000,1,1.0000,0,4,4,,
B1 confirmed,l-profile/overlap-05,hybrid_aligned,3,3,3,1.0000,1.0000,0,1.0000,0,4,4,,
B1 confirmed,l-profile/overlap-06,hybrid_aligned,3,3,3,1.0000,1.0000,0,1.0000,0,4,4,,
B1 confirmed,l-profile/overlap-07,hybrid_aligned,3,3,3,1.0000,1.0000,0,1.0000,0,4,4,,
B1 confirmed,l-profile/overlap-08,hybrid_aligned,3,3,3,1.0000,1.0000,0,1.0000,0,4,4,,
B1 confirmed,l-profile/overlap-09,hybrid_aligned,3,3,3,1.0000,1.0000,0,1.0000,0,4,4,,
B1 confirmed,l-profile/overlap-10,hybrid_aligned,0,3,3,0.0000,0.0000,1,1.0000,0,4,4,,
B1 confirmed,l-profile/overlap-11,hybrid_aligned,4,4,4,1.0000,1.0000,0,1.0000,0,4,4,,
B1 confirmed,l-profile/overlap-12,hybrid_aligned,3,3,3,1.0000,1.0000,0,1.0000,0,3,3,,
B1 confirmed,l-profile/overlap-13,hybrid_aligned,1,2,2,0.5000,1.0000,0,1.0000,0,3,2,,
B1 confirmed,l-profile/overlap-14,hybrid_aligned,3,3,3,1.0000,1.0000,0,1.0000,0,3,3,,
B1 confirmed,l-profile/single-01,hybrid_aligned,3,3,3,1.0000,1.0000,0,1.0000,0,3,3,,
B1 confirmed,l-profile/single-02,hybrid_aligned,3,3,3,1.0000,1.0000,0,1.0000,0,3,3,,
B1 confirmed,l-profile/single-03,hybrid_aligned,3,3,3,1.0000,1.0000,0,1.0000,0,3,3,,
B1 confirmed,l-profile/single-04,hybrid_aligned,0,2,2,0.0000,0.0000,-1,1.0000,0,3,2,,
B1 confirmed,l-profile/single-05,hybrid_aligned,3,3,3,1.0000,1.0000,0,1.0000,0,3,3,,
B1 confirmed,l-profile/single-06,hybrid_aligned,3,3,3,1.0000,1.0000,0,1.0000,0,3,3,,
B1 confirmed,l-profile/single-07,hybrid_aligned,1,1,1,1.0000,1.0000,0,1.0000,0,2,1,,
B1 confirmed,l-profile/single-08,hybrid_aligned,1,1,1,1.0000,1.0000,0,1.0000,0,2,2,,
B1 confirmed,l-profile/single-09,hybrid_aligned,2,2,2,1.0000,1.0000,0,1.0000,0,2,2,,
B1 confirmed,l-profile/single-10,hybrid_aligned,2,2,2,1.0000,1.0000,0,1.0000,0,2,4,,
B1 confirmed,l-profile/single-11,hybrid_aligned,3,3,3,1.0000,1.0000,0,1.0000,0,3,3,,
B1 confirmed,l-profile/single-12,hybrid_aligned,2,2,2,1.0000,1.0000,0,1.0000,0,2,2,,
B1 confirmed,l-profile/standing-01,hybrid_aligned,3,3,3,1.0000,1.0000,0,1.0000,0,3,3,,
B1 confirmed,l-profile/standing-02,hybrid_aligned,4,4,4,1.0000,1.0000,0,1.0000,0,4,4,,
B1 confirmed,l-profile/standing-03,hybrid_aligned,4,4,4,1.0000,1.0000,0,1.0000,0,4,4,,
B1 confirmed,l-profile/standing-04,hybrid_aligned,4,4,4,1.0000,1.0000,0,1.0000,0,4,4,,
B1 confirmed,l-profile/standing-05,hybrid_aligned,3,3,3,1.0000,1.0000,0,1.0000,0,3,3,,
B1 confirmed,l-profile/tilted-01,hybrid_aligned,2,2,2,1.0000,1.0000,0,1.0000,0,2,3,,
B1 confirmed,square-profile/single-01,hybrid_aligned,8,8,8,1.0000,1.0000,0,1.0000,0,10,8,,
B1 confirmed,square-profile/single-02,hybrid_aligned,4,4,4,1.0000,1.0000,0,1.0000,0,4,4,,
B1 confirmed,square-profile/single-03,hybrid_aligned,4,4,4,1.0000,1.0000,0,1.0000,0,4,4,,
B1 confirmed,square-profile/single-04,hybrid_aligned,4,4,4,1.0000,1.0000,0,1.0000,0,4,4,,
B1 confirmed,square-profile/single-05,hybrid_aligned,2,3,3,0.6667,0.6667,0,0.6667,0,3,4,,
B1 confirmed,square-profile/single-06,hybrid_aligned,3,3,3,1.0000,1.0000,0,1.0000,0,4,3,,
B1 confirmed,square-profile/single-07,hybrid_aligned,3,3,3,1.0000,1.0000,0,1.0000,0,4,3,,
B1 confirmed,square-profile/single-08,hybrid_aligned,4,4,4,1.0000,1.0000,0,1.0000,0,4,4,,
B1 confirmed,square-profile/single-09,hybrid_aligned,3,3,3,1.0000,1.0000,0,1.0000,0,3,3,,
B1 confirmed,square-profile/single-10,hybrid_aligned,2,2,2,1.0000,1.0000,0,1.0000,0,2,2,,
B1 confirmed,square-profile/single-11,hybrid_aligned,5,5,5,1.0000,1.0000,0,1.0000,0,8,5,,
B1 confirmed,square-profile/single-12,hybrid_aligned,3,3,3,1.0000,1.0000,0,1.0000,0,3,3,,
B1 confirmed,square-profile/single-13,hybrid_aligned,3,3,3,1.0000,1.0000,0,1.0000,0,3,3,,
B1 confirmed,square-profile/single-14,hybrid_aligned,3,3,3,1.0000,1.0000,0,1.0000,0,3,3,,
B1 confirmed,square-profile/single-15,hybrid_aligned,3,3,3,1.0000,1.0000,0,1.0000,0,3,3,,
B1 confirmed,square-profile/single-16,hybrid_aligned,3,3,3,1.0000,1.0000,0,1.0000,0,4,3,,
B1 confirmed,square-profile/single-17,hybrid_aligned,4,4,4,1.0000,1.0000,0,1.0000,0,6,10,,
B1 confirmed,square-profile/single-18,hybrid_aligned,21,22,22,0.9545,1.0000,0,1.0000,0,28,25,,
B1 confirmed,square-profile/single-19,hybrid_aligned,3,3,3,1.0000,1.0000,0,1.0000,0,3,3,,
B1 confirmed,square-profile/single-20,hybrid_aligned,4,4,4,1.0000,1.0000,0,1.0000,0,5,9,,
B1 confirmed,square-profile/single-21,hybrid_aligned,7,7,7,1.0000,1.0000,0,1.0000,0,8,7,,
B1 confirmed,square-profile/single-22,hybrid_aligned,7,7,7,1.0000,1.0000,0,1.0000,1,8,8,,
B1 confirmed,square-profile/single-23,hybrid_aligned,7,7,7,1.0000,1.0000,0,1.0000,0,7,8,,
B1 confirmed,square-profile/single-24,hybrid_aligned,8,8,8,1.0000,1.0000,0,1.0000,0,8,8,,
B1 confirmed,square-profile/single-25,hybrid_aligned,7,7,7,1.0000,1.0000,0,1.0000,0,8,7,,
B1 confirmed,square-profile/single-26,hybrid_aligned,0,7,7,0.0000,0.0000,-1,1.0000,0,7,8,,
B1 confirmed,square-profile/single-27,hybrid_aligned,9,9,9,1.0000,1.0000,0,1.0000,1,9,9,,
B1 confirmed,square-profile/single-28,hybrid_aligned,9,9,9,1.0000,1.0000,0,1.0000,1,9,9,,
B1 confirmed,square-profile/standing-01,hybrid_aligned,4,4,4,1.0000,1.0000,0,1.0000,0,4,4,,
B1 + B2 rescued,complex-profile/single-01,greedy_index,0,1,1,0.0000,0.0000,,0.0000,0,4,2,,
B1 + B2 rescued,complex-profile/single-02,greedy_index,0,1,1,0.0000,0.0000,,0.0000,0,2,2,,
B1 + B2 rescued,complex-profile/single-03,greedy_index,0,2,2,0.0000,0.0000,,0.0000,0,2,2,,
B1 + B2 rescued,complex-profile/single-04,greedy_index,0,1,1,0.0000,0.0000,,0.0000,0,1,1,,
B1 + B2 rescued,heavy-profile/single-01,greedy_index,0,3,3,0.0000,0.0000,,0.0000,0,3,3,,
B1 + B2 rescued,heavy-profile/single-02,greedy_index,0,3,3,0.0000,0.0000,,0.0000,0,3,3,,
B1 + B2 rescued,heavy-profile/single-03,greedy_index,0,3,3,0.0000,0.0000,,0.0000,0,3,3,,
B1 + B2 rescued,heavy-profile/single-04,greedy_index,0,3,3,0.0000,0.0000,,0.0000,0,3,3,,
B1 + B2 rescued,heavy-profile/single-05,greedy_index,0,3,3,0.0000,0.0000,,0.0000,0,3,3,,
B1 + B2 rescued,heavy-profile/single-06,greedy_index,0,3,3,0.0000,0.0000,,0.0000,0,3,3,,
B1 + B2 rescued,heavy-profile/single-07,greedy_index,0,3,3,0.0000,0.0000,,0.0000,0,3,3,,
B1 + B2 rescued,heavy-profile/single-08,greedy_index,0,3,3,0.0000,0.0000,,0.0000,0,3,3,,
B1 + B2 rescued,heavy-profile/single-09,greedy_index,0,3,3,0.0000,0.0000,,0.0000,0,4,3,,
B1 + B2 rescued,heavy-profile/single-10,greedy_index,0,3,3,0.0000,0.0000,,0.0000,0,5,3,,
B1 + B2 rescued,heavy-profile/standing-01,greedy_index,0,3,3,0.0000,0.0000,,0.0000,0,3,3,,
B1 + B2 rescued,l-profile-reshoot/crossed-01,greedy_index,0,2,2,0.0000,0.0000,,0.0000,0,3,2,,
B1 + B2 rescued,l-profile-reshoot/overlap-02,greedy_index,0,3,3,0.0000,0.0000,,0.0000,0,3,3,,
B1 + B2 rescued,l-profile-reshoot/overlap-03,greedy_index,0,4,4,0.0000,0.0000,,0.0000,0,4,4,,
B1 + B2 rescued,l-profile-reshoot/overlap-04,greedy_index,0,4,4,0.0000,0.0000,,0.0000,0,4,4,,
B1 + B2 rescued,l-profile-reshoot/overlap-05,greedy_index,0,3,3,0.0000,0.0000,,0.0000,0,3,3,,
B1 + B2 rescued,l-profile-reshoot/overlap-06,greedy_index,0,3,3,0.0000,0.0000,,0.0000,0,3,3,,
B1 + B2 rescued,l-profile-reshoot/overlap-07,greedy_index,0,4,4,0.0000,0.0000,,0.0000,0,4,4,,
B1 + B2 rescued,l-profile-reshoot/overlap-08,greedy_index,0,4,4,0.0000,0.0000,,0.0000,0,4,5,,
B1 + B2 rescued,l-profile-reshoot/overlap-09,greedy_index,0,4,4,0.0000,0.0000,,0.0000,0,4,5,,
B1 + B2 rescued,l-profile-reshoot/single-01,greedy_index,0,3,3,0.0000,0.0000,,0.0000,0,4,4,,
B1 + B2 rescued,l-profile-reshoot/single-02,greedy_index,0,1,1,0.0000,0.0000,,0.0000,0,2,2,,
B1 + B2 rescued,l-profile-reshoot/single-03,greedy_index,0,3,3,0.0000,0.0000,,0.0000,0,3,3,,
B1 + B2 rescued,l-profile-reshoot/standing-01,greedy_index,0,4,4,0.0000,0.0000,,0.0000,0,4,6,,
B1 + B2 rescued,l-profile-reshoot/standing-02,greedy_index,0,4,4,0.0000,0.0000,,0.0000,0,4,6,,
B1 + B2 rescued,l-profile-reshoot/standing-03,greedy_index,0,4,4,0.0000,0.0000,,0.0000,0,4,6,,
B1 + B2 rescued,l-profile-reshoot/standing-04,greedy_index,0,2,2,0.0000,0.0000,,0.0000,0,2,3,,
B1 + B2 rescued,l-profile-reshoot/standing-05,greedy_index,0,11,11,0.0000,0.0000,,0.0000,0,11,11,,
B1 + B2 rescued,l-profile-reshoot/standing-06,greedy_index,0,11,11,0.0000,0.0000,,0.0000,0,11,11,,
B1 + B2 rescued,l-profile-reshoot/standing-07,greedy_index,0,8,8,0.0000,0.0000,,0.0000,0,9,9,,
B1 + B2 rescued,l-profile-reshoot/tilted-01,greedy_index,0,3,3,0.0000,0.0000,,0.0000,0,4,4,,
B1 + B2 rescued,l-profile-reshoot/tilted-02,greedy_index,0,3,3,0.0000,0.0000,,0.0000,0,4,4,,
B1 + B2 rescued,l-profile-reshoot/tilted-03,greedy_index,0,4,4,0.0000,0.0000,,0.0000,0,4,5,,
B1 + B2 rescued,l-profile-reshoot/tilted-04,greedy_index,0,3,3,0.0000,0.0000,,0.0000,0,3,3,,
B1 + B2 rescued,l-profile-reshoot/tilted-05,greedy_index,0,3,3,0.0000,0.0000,,0.0000,0,3,3,,
B1 + B2 rescued,l-profile/crossed-01,greedy_index,0,4,4,0.0000,0.0000,,0.0000,0,4,4,,
B1 + B2 rescued,l-profile/crossed-02,greedy_index,0,4,4,0.0000,0.0000,,0.0000,0,4,4,,
B1 + B2 rescued,l-profile/crossed-03,greedy_index,0,3,3,0.0000,0.0000,,0.0000,0,4,4,,
B1 + B2 rescued,l-profile/crossed-04,greedy_index,0,2,2,0.0000,0.0000,,0.0000,0,2,2,,
B1 + B2 rescued,l-profile/crossed-05,greedy_index,0,2,2,0.0000,0.0000,,0.0000,0,2,2,,
B1 + B2 rescued,l-profile/crossed-06,greedy_index,0,2,2,0.0000,0.0000,,0.0000,0,2,4,,
B1 + B2 rescued,l-profile/crossed-07,greedy_index,0,3,3,0.0000,0.0000,,0.0000,0,3,3,,
B1 + B2 rescued,l-profile/crossed-08,greedy_index,0,3,3,0.0000,0.0000,,0.0000,0,3,3,,
B1 + B2 rescued,l-profile/overlap-01,greedy_index,0,5,5,0.0000,0.0000,,0.0000,0,5,6,,
B1 + B2 rescued,l-profile/overlap-02,greedy_index,0,2,2,0.0000,0.0000,,0.0000,0,2,2,,
B1 + B2 rescued,l-profile/overlap-03,greedy_index,0,4,4,0.0000,0.0000,,0.0000,0,4,5,,
B1 + B2 rescued,l-profile/overlap-04,greedy_index,0,3,3,0.0000,0.0000,,0.0000,0,4,4,,
B1 + B2 rescued,l-profile/overlap-05,greedy_index,0,3,3,0.0000,0.0000,,0.0000,0,4,4,,
B1 + B2 rescued,l-profile/overlap-06,greedy_index,0,3,3,0.0000,0.0000,,0.0000,0,4,4,,
B1 + B2 rescued,l-profile/overlap-07,greedy_index,0,3,3,0.0000,0.0000,,0.0000,0,4,4,,
B1 + B2 rescued,l-profile/overlap-08,greedy_index,0,3,3,0.0000,0.0000,,0.0000,0,4,4,,
B1 + B2 rescued,l-profile/overlap-09,greedy_index,0,3,3,0.0000,0.0000,,0.0000,0,4,4,,
B1 + B2 rescued,l-profile/overlap-10,greedy_index,0,3,3,0.0000,0.0000,,0.0000,0,4,4,,
B1 + B2 rescued,l-profile/overlap-11,greedy_index,0,4,4,0.0000,0.0000,,0.0000,0,4,4,,
B1 + B2 rescued,l-profile/overlap-12,greedy_index,0,3,3,0.0000,0.0000,,0.0000,0,3,3,,
B1 + B2 rescued,l-profile/overlap-13,greedy_index,0,2,2,0.0000,0.0000,,0.0000,0,3,2,,
B1 + B2 rescued,l-profile/overlap-14,greedy_index,0,3,3,0.0000,0.0000,,0.0000,0,3,3,,
B1 + B2 rescued,l-profile/single-01,greedy_index,0,3,3,0.0000,0.0000,,0.0000,0,3,3,,
B1 + B2 rescued,l-profile/single-02,greedy_index,0,3,3,0.0000,0.0000,,0.0000,0,3,3,,
B1 + B2 rescued,l-profile/single-03,greedy_index,0,3,3,0.0000,0.0000,,0.0000,0,3,3,,
B1 + B2 rescued,l-profile/single-04,greedy_index,0,2,2,0.0000,0.0000,,0.0000,0,3,2,,
B1 + B2 rescued,l-profile/single-05,greedy_index,0,3,3,0.0000,0.0000,,0.0000,0,3,3,,
B1 + B2 rescued,l-profile/single-06,greedy_index,0,3,3,0.0000,0.0000,,0.0000,0,3,3,,
B1 + B2 rescued,l-profile/single-07,greedy_index,0,1,1,0.0000,0.0000,,0.0000,0,2,1,,
B1 + B2 rescued,l-profile/single-08,greedy_index,0,1,1,0.0000,0.0000,,0.0000,0,2,2,,
B1 + B2 rescued,l-profile/single-09,greedy_index,0,2,2,0.0000,0.0000,,0.0000,0,2,2,,
B1 + B2 rescued,l-profile/single-10,greedy_index,0,2,2,0.0000,0.0000,,0.0000,0,2,4,,
B1 + B2 rescued,l-profile/single-11,greedy_index,0,3,3,0.0000,0.0000,,0.0000,0,3,3,,
B1 + B2 rescued,l-profile/single-12,greedy_index,0,2,2,0.0000,0.0000,,0.0000,0,2,2,,
B1 + B2 rescued,l-profile/standing-01,greedy_index,0,3,3,0.0000,0.0000,,0.0000,0,3,3,,
B1 + B2 rescued,l-profile/standing-02,greedy_index,0,4,4,0.0000,0.0000,,0.0000,0,4,4,,
B1 + B2 rescued,l-profile/standing-03,greedy_index,0,4,4,0.0000,0.0000,,0.0000,0,4,4,,
B1 + B2 rescued,l-profile/standing-04,greedy_index,0,4,4,0.0000,0.0000,,0.0000,0,4,4,,
B1 + B2 rescued,l-profile/standing-05,greedy_index,0,3,3,0.0000,0.0000,,0.0000,0,3,3,,
B1 + B2 rescued,l-profile/tilted-01,greedy_index,0,2,2,0.0000,0.0000,,0.0000,0,2,3,,
B1 + B2 rescued,square-profile/single-01,greedy_index,0,8,8,0.0000,0.0000,,0.0000,0,10,8,,
B1 + B2 rescued,square-profile/single-02,greedy_index,0,4,4,0.0000,0.0000,,0.0000,0,4,4,,
B1 + B2 rescued,square-profile/single-03,greedy_index,0,4,4,0.0000,0.0000,,0.0000,0,4,4,,
B1 + B2 rescued,square-profile/single-04,greedy_index,0,4,4,0.0000,0.0000,,0.0000,0,4,4,,
B1 + B2 rescued,square-profile/single-05,greedy_index,0,3,3,0.0000,0.0000,,0.0000,0,4,4,,
B1 + B2 rescued,square-profile/single-06,greedy_index,0,3,3,0.0000,0.0000,,0.0000,0,4,3,,
B1 + B2 rescued,square-profile/single-07,greedy_index,0,3,3,0.0000,0.0000,,0.0000,0,4,3,,
B1 + B2 rescued,square-profile/single-08,greedy_index,0,4,4,0.0000,0.0000,,0.0000,0,4,4,,
B1 + B2 rescued,square-profile/single-09,greedy_index,0,3,3,0.0000,0.0000,,0.0000,0,3,3,,
B1 + B2 rescued,square-profile/single-10,greedy_index,0,2,2,0.0000,0.0000,,0.0000,0,2,2,,
B1 + B2 rescued,square-profile/single-11,greedy_index,0,5,5,0.0000,0.0000,,0.0000,0,8,6,,
B1 + B2 rescued,square-profile/single-12,greedy_index,0,3,3,0.0000,0.0000,,0.0000,0,3,3,,
B1 + B2 rescued,square-profile/single-13,greedy_index,0,3,3,0.0000,0.0000,,0.0000,0,3,3,,
B1 + B2 rescued,square-profile/single-14,greedy_index,0,3,3,0.0000,0.0000,,0.0000,0,3,3,,
B1 + B2 rescued,square-profile/single-15,greedy_index,0,3,3,0.0000,0.0000,,0.0000,0,3,3,,
B1 + B2 rescued,square-profile/single-16,greedy_index,0,3,3,0.0000,0.0000,,0.0000,0,4,3,,
B1 + B2 rescued,square-profile/single-17,greedy_index,0,4,4,0.0000,0.0000,,0.0000,0,7,10,,
B1 + B2 rescued,square-profile/single-18,greedy_index,0,22,22,0.0000,0.0000,,0.0000,0,28,27,,
B1 + B2 rescued,square-profile/single-19,greedy_index,0,3,3,0.0000,0.0000,,0.0000,0,3,3,,
B1 + B2 rescued,square-profile/single-20,greedy_index,0,4,4,0.0000,0.0000,,0.0000,0,6,9,,
B1 + B2 rescued,square-profile/single-21,greedy_index,0,7,7,0.0000,0.0000,,0.0000,0,8,7,,
B1 + B2 rescued,square-profile/single-22,greedy_index,0,7,7,0.0000,0.0000,,0.0000,0,8,8,,
B1 + B2 rescued,square-profile/single-23,greedy_index,0,7,7,0.0000,0.0000,,0.0000,0,8,8,,
B1 + B2 rescued,square-profile/single-24,greedy_index,0,8,8,0.0000,0.0000,,0.0000,0,8,8,,
B1 + B2 rescued,square-profile/single-25,greedy_index,0,7,7,0.0000,0.0000,,0.0000,0,8,8,,
B1 + B2 rescued,square-profile/single-26,greedy_index,0,7,7,0.0000,0.0000,,0.0000,0,7,8,,
B1 + B2 rescued,square-profile/single-27,greedy_index,0,9,9,0.0000,0.0000,,0.0000,0,9,9,,
B1 + B2 rescued,square-profile/single-28,greedy_index,0,9,9,0.0000,0.0000,,0.0000,0,9,9,,
B1 + B2 rescued,square-profile/standing-01,greedy_index,0,4,4,0.0000,0.0000,,0.0000,0,4,4,,
B1 + B2 rescued,complex-profile/single-01,greedy_index_debiased,1,1,1,1.0000,1.0000,0,1.0000,0,4,2,,
B1 + B2 rescued,complex-profile/single-02,greedy_index_debiased,1,1,1,1.0000,1.0000,0,1.0000,0,2,2,,
B1 + B2 rescued,complex-profile/single-03,greedy_index_debiased,2,2,2,1.0000,1.0000,0,1.0000,0,2,2,,
B1 + B2 rescued,complex-profile/single-04,greedy_index_debiased,1,1,1,1.0000,1.0000,0,1.0000,0,1,1,,
B1 + B2 rescued,heavy-profile/single-01,greedy_index_debiased,3,3,3,1.0000,1.0000,0,1.0000,0,3,3,,
B1 + B2 rescued,heavy-profile/single-02,greedy_index_debiased,3,3,3,1.0000,1.0000,0,1.0000,0,3,3,,
B1 + B2 rescued,heavy-profile/single-03,greedy_index_debiased,3,3,3,1.0000,1.0000,0,1.0000,0,3,3,,
B1 + B2 rescued,heavy-profile/single-04,greedy_index_debiased,3,3,3,1.0000,1.0000,0,1.0000,0,3,3,,
B1 + B2 rescued,heavy-profile/single-05,greedy_index_debiased,3,3,3,1.0000,1.0000,0,1.0000,0,3,3,,
B1 + B2 rescued,heavy-profile/single-06,greedy_index_debiased,3,3,3,1.0000,1.0000,0,1.0000,0,3,3,,
B1 + B2 rescued,heavy-profile/single-07,greedy_index_debiased,3,3,3,1.0000,1.0000,0,1.0000,0,3,3,,
B1 + B2 rescued,heavy-profile/single-08,greedy_index_debiased,3,3,3,1.0000,1.0000,0,1.0000,0,3,3,,
B1 + B2 rescued,heavy-profile/single-09,greedy_index_debiased,0,3,3,0.0000,0.0000,-1,1.0000,0,4,3,,
B1 + B2 rescued,heavy-profile/single-10,greedy_index_debiased,0,3,3,0.0000,0.0000,-1,1.0000,0,5,3,,
B1 + B2 rescued,heavy-profile/standing-01,greedy_index_debiased,3,3,3,1.0000,1.0000,0,1.0000,0,3,3,,
B1 + B2 rescued,l-profile-reshoot/crossed-01,greedy_index_debiased,1,2,2,0.5000,1.0000,0,1.0000,0,3,2,,
B1 + B2 rescued,l-profile-reshoot/overlap-02,greedy_index_debiased,3,3,3,1.0000,1.0000,0,1.0000,0,3,3,,
B1 + B2 rescued,l-profile-reshoot/overlap-03,greedy_index_debiased,4,4,4,1.0000,1.0000,0,1.0000,0,4,4,,
B1 + B2 rescued,l-profile-reshoot/overlap-04,greedy_index_debiased,4,4,4,1.0000,1.0000,0,1.0000,0,4,4,,
B1 + B2 rescued,l-profile-reshoot/overlap-05,greedy_index_debiased,3,3,3,1.0000,1.0000,0,1.0000,0,3,3,,
B1 + B2 rescued,l-profile-reshoot/overlap-06,greedy_index_debiased,3,3,3,1.0000,1.0000,0,1.0000,0,3,3,,
B1 + B2 rescued,l-profile-reshoot/overlap-07,greedy_index_debiased,4,4,4,1.0000,1.0000,0,1.0000,0,4,4,,
B1 + B2 rescued,l-profile-reshoot/overlap-08,greedy_index_debiased,4,4,4,1.0000,1.0000,0,1.0000,0,4,5,,
B1 + B2 rescued,l-profile-reshoot/overlap-09,greedy_index_debiased,4,4,4,1.0000,1.0000,0,1.0000,0,4,5,,
B1 + B2 rescued,l-profile-reshoot/single-01,greedy_index_debiased,3,3,3,1.0000,1.0000,0,1.0000,0,4,4,,
B1 + B2 rescued,l-profile-reshoot/single-02,greedy_index_debiased,0,1,1,0.0000,0.0000,,0.0000,0,2,2,,
B1 + B2 rescued,l-profile-reshoot/single-03,greedy_index_debiased,3,3,3,1.0000,1.0000,0,1.0000,0,3,3,,
B1 + B2 rescued,l-profile-reshoot/standing-01,greedy_index_debiased,4,4,4,1.0000,1.0000,0,1.0000,0,4,6,,
B1 + B2 rescued,l-profile-reshoot/standing-02,greedy_index_debiased,4,4,4,1.0000,1.0000,0,1.0000,0,4,6,,
B1 + B2 rescued,l-profile-reshoot/standing-03,greedy_index_debiased,4,4,4,1.0000,1.0000,0,1.0000,0,4,6,,
B1 + B2 rescued,l-profile-reshoot/standing-04,greedy_index_debiased,2,2,2,1.0000,1.0000,0,1.0000,0,2,3,,
B1 + B2 rescued,l-profile-reshoot/standing-05,greedy_index_debiased,10,11,11,0.9091,1.0000,0,1.0000,0,11,11,,
B1 + B2 rescued,l-profile-reshoot/standing-06,greedy_index_debiased,10,11,11,0.9091,1.0000,0,1.0000,0,11,11,,
B1 + B2 rescued,l-profile-reshoot/standing-07,greedy_index_debiased,7,8,8,0.8750,1.0000,0,1.0000,0,9,9,,
B1 + B2 rescued,l-profile-reshoot/tilted-01,greedy_index_debiased,3,3,3,1.0000,1.0000,0,1.0000,0,4,4,,
B1 + B2 rescued,l-profile-reshoot/tilted-02,greedy_index_debiased,3,3,3,1.0000,1.0000,0,1.0000,0,4,4,,
B1 + B2 rescued,l-profile-reshoot/tilted-03,greedy_index_debiased,4,4,4,1.0000,1.0000,0,1.0000,0,4,5,,
B1 + B2 rescued,l-profile-reshoot/tilted-04,greedy_index_debiased,3,3,3,1.0000,1.0000,0,1.0000,0,3,3,,
B1 + B2 rescued,l-profile-reshoot/tilted-05,greedy_index_debiased,3,3,3,1.0000,1.0000,0,1.0000,0,3,3,,
B1 + B2 rescued,l-profile/crossed-01,greedy_index_debiased,0,4,4,0.0000,0.0000,-1,1.0000,0,4,4,,
B1 + B2 rescued,l-profile/crossed-02,greedy_index_debiased,0,4,4,0.0000,0.0000,1,0.7500,0,4,4,,
B1 + B2 rescued,l-profile/crossed-03,greedy_index_debiased,0,3,3,0.0000,0.0000,-1,1.0000,0,4,4,,
B1 + B2 rescued,l-profile/crossed-04,greedy_index_debiased,2,2,2,1.0000,1.0000,0,1.0000,0,2,2,,
B1 + B2 rescued,l-profile/crossed-05,greedy_index_debiased,2,2,2,1.0000,1.0000,0,1.0000,0,2,2,,
B1 + B2 rescued,l-profile/crossed-06,greedy_index_debiased,2,2,2,1.0000,1.0000,0,1.0000,0,2,4,,
B1 + B2 rescued,l-profile/crossed-07,greedy_index_debiased,0,3,3,0.0000,0.0000,,0.0000,0,3,3,,
B1 + B2 rescued,l-profile/crossed-08,greedy_index_debiased,0,3,3,0.0000,0.0000,,0.0000,0,3,3,,
B1 + B2 rescued,l-profile/overlap-01,greedy_index_debiased,5,5,5,1.0000,1.0000,0,1.0000,0,5,6,,
B1 + B2 rescued,l-profile/overlap-02,greedy_index_debiased,2,2,2,1.0000,1.0000,0,1.0000,0,2,2,,
B1 + B2 rescued,l-profile/overlap-03,greedy_index_debiased,0,4,4,0.0000,0.0000,1,1.0000,0,4,5,,
B1 + B2 rescued,l-profile/overlap-04,greedy_index_debiased,0,3,3,0.0000,0.0000,1,1.0000,0,4,4,,
B1 + B2 rescued,l-profile/overlap-05,greedy_index_debiased,3,3,3,1.0000,1.0000,0,1.0000,0,4,4,,
B1 + B2 rescued,l-profile/overlap-06,greedy_index_debiased,3,3,3,1.0000,1.0000,0,1.0000,0,4,4,,
B1 + B2 rescued,l-profile/overlap-07,greedy_index_debiased,3,3,3,1.0000,1.0000,0,1.0000,0,4,4,,
B1 + B2 rescued,l-profile/overlap-08,greedy_index_debiased,3,3,3,1.0000,1.0000,0,1.0000,0,4,4,,
B1 + B2 rescued,l-profile/overlap-09,greedy_index_debiased,3,3,3,1.0000,1.0000,0,1.0000,0,4,4,,
B1 + B2 rescued,l-profile/overlap-10,greedy_index_debiased,0,3,3,0.0000,0.0000,1,1.0000,0,4,4,,
B1 + B2 rescued,l-profile/overlap-11,greedy_index_debiased,3,4,4,0.7500,1.0000,0,1.0000,0,4,4,,
B1 + B2 rescued,l-profile/overlap-12,greedy_index_debiased,3,3,3,1.0000,1.0000,0,1.0000,0,3,3,,
B1 + B2 rescued,l-profile/overlap-13,greedy_index_debiased,2,2,2,1.0000,1.0000,0,1.0000,0,3,2,,
B1 + B2 rescued,l-profile/overlap-14,greedy_index_debiased,3,3,3,1.0000,1.0000,0,1.0000,0,3,3,,
B1 + B2 rescued,l-profile/single-01,greedy_index_debiased,3,3,3,1.0000,1.0000,0,1.0000,0,3,3,,
B1 + B2 rescued,l-profile/single-02,greedy_index_debiased,3,3,3,1.0000,1.0000,0,1.0000,0,3,3,,
B1 + B2 rescued,l-profile/single-03,greedy_index_debiased,3,3,3,1.0000,1.0000,0,1.0000,0,3,3,,
B1 + B2 rescued,l-profile/single-04,greedy_index_debiased,0,2,2,0.0000,0.0000,,0.0000,0,3,2,,
B1 + B2 rescued,l-profile/single-05,greedy_index_debiased,3,3,3,1.0000,1.0000,0,1.0000,0,3,3,,
B1 + B2 rescued,l-profile/single-06,greedy_index_debiased,3,3,3,1.0000,1.0000,0,1.0000,0,3,3,,
B1 + B2 rescued,l-profile/single-07,greedy_index_debiased,0,1,1,0.0000,0.0000,,0.0000,0,2,1,,
B1 + B2 rescued,l-profile/single-08,greedy_index_debiased,1,1,1,1.0000,1.0000,0,1.0000,0,2,2,,
B1 + B2 rescued,l-profile/single-09,greedy_index_debiased,2,2,2,1.0000,1.0000,0,1.0000,0,2,2,,
B1 + B2 rescued,l-profile/single-10,greedy_index_debiased,2,2,2,1.0000,1.0000,0,1.0000,0,2,4,,
B1 + B2 rescued,l-profile/single-11,greedy_index_debiased,3,3,3,1.0000,1.0000,0,1.0000,0,3,3,,
B1 + B2 rescued,l-profile/single-12,greedy_index_debiased,2,2,2,1.0000,1.0000,0,1.0000,0,2,2,,
B1 + B2 rescued,l-profile/standing-01,greedy_index_debiased,3,3,3,1.0000,1.0000,0,1.0000,0,3,3,,
B1 + B2 rescued,l-profile/standing-02,greedy_index_debiased,3,4,4,0.7500,1.0000,0,1.0000,0,4,4,,
B1 + B2 rescued,l-profile/standing-03,greedy_index_debiased,4,4,4,1.0000,1.0000,0,1.0000,0,4,4,,
B1 + B2 rescued,l-profile/standing-04,greedy_index_debiased,3,4,4,0.7500,1.0000,0,1.0000,0,4,4,,
B1 + B2 rescued,l-profile/standing-05,greedy_index_debiased,3,3,3,1.0000,1.0000,0,1.0000,0,3,3,,
B1 + B2 rescued,l-profile/tilted-01,greedy_index_debiased,0,2,2,0.0000,0.0000,,0.0000,0,2,3,,
B1 + B2 rescued,square-profile/single-01,greedy_index_debiased,8,8,8,1.0000,1.0000,0,1.0000,0,10,8,,
B1 + B2 rescued,square-profile/single-02,greedy_index_debiased,4,4,4,1.0000,1.0000,0,1.0000,0,4,4,,
B1 + B2 rescued,square-profile/single-03,greedy_index_debiased,4,4,4,1.0000,1.0000,0,1.0000,0,4,4,,
B1 + B2 rescued,square-profile/single-04,greedy_index_debiased,4,4,4,1.0000,1.0000,0,1.0000,0,4,4,,
B1 + B2 rescued,square-profile/single-05,greedy_index_debiased,3,3,3,1.0000,1.0000,0,1.0000,0,4,4,,
B1 + B2 rescued,square-profile/single-06,greedy_index_debiased,3,3,3,1.0000,1.0000,0,1.0000,0,4,3,,
B1 + B2 rescued,square-profile/single-07,greedy_index_debiased,3,3,3,1.0000,1.0000,0,1.0000,0,4,3,,
B1 + B2 rescued,square-profile/single-08,greedy_index_debiased,4,4,4,1.0000,1.0000,0,1.0000,0,4,4,,
B1 + B2 rescued,square-profile/single-09,greedy_index_debiased,3,3,3,1.0000,1.0000,0,1.0000,0,3,3,,
B1 + B2 rescued,square-profile/single-10,greedy_index_debiased,2,2,2,1.0000,1.0000,0,1.0000,0,2,2,,
B1 + B2 rescued,square-profile/single-11,greedy_index_debiased,5,5,5,1.0000,1.0000,0,1.0000,0,8,6,,
B1 + B2 rescued,square-profile/single-12,greedy_index_debiased,3,3,3,1.0000,1.0000,0,1.0000,0,3,3,,
B1 + B2 rescued,square-profile/single-13,greedy_index_debiased,3,3,3,1.0000,1.0000,0,1.0000,0,3,3,,
B1 + B2 rescued,square-profile/single-14,greedy_index_debiased,3,3,3,1.0000,1.0000,0,1.0000,0,3,3,,
B1 + B2 rescued,square-profile/single-15,greedy_index_debiased,3,3,3,1.0000,1.0000,0,1.0000,0,3,3,,
B1 + B2 rescued,square-profile/single-16,greedy_index_debiased,2,3,3,0.6667,1.0000,0,1.0000,0,4,3,,
B1 + B2 rescued,square-profile/single-17,greedy_index_debiased,4,4,4,1.0000,1.0000,0,1.0000,0,7,10,,
B1 + B2 rescued,square-profile/single-18,greedy_index_debiased,16,22,22,0.7273,0.8889,0,0.8889,0,28,27,,
B1 + B2 rescued,square-profile/single-19,greedy_index_debiased,3,3,3,1.0000,1.0000,0,1.0000,0,3,3,,
B1 + B2 rescued,square-profile/single-20,greedy_index_debiased,0,4,4,0.0000,0.0000,1,1.0000,0,6,9,,
B1 + B2 rescued,square-profile/single-21,greedy_index_debiased,6,7,7,0.8571,1.0000,0,1.0000,0,8,7,,
B1 + B2 rescued,square-profile/single-22,greedy_index_debiased,0,7,7,0.0000,0.0000,1,1.0000,0,8,8,,
B1 + B2 rescued,square-profile/single-23,greedy_index_debiased,7,7,7,1.0000,1.0000,0,1.0000,0,8,8,,
B1 + B2 rescued,square-profile/single-24,greedy_index_debiased,5,8,8,0.6250,1.0000,0,1.0000,0,8,8,,
B1 + B2 rescued,square-profile/single-25,greedy_index_debiased,7,7,7,1.0000,1.0000,0,1.0000,0,8,8,,
B1 + B2 rescued,square-profile/single-26,greedy_index_debiased,7,7,7,1.0000,1.0000,0,1.0000,0,7,8,,
B1 + B2 rescued,square-profile/single-27,greedy_index_debiased,6,9,9,0.6667,1.0000,0,1.0000,0,9,9,,
B1 + B2 rescued,square-profile/single-28,greedy_index_debiased,5,9,9,0.5556,1.0000,0,1.0000,0,9,9,,
B1 + B2 rescued,square-profile/standing-01,greedy_index_debiased,4,4,4,1.0000,1.0000,0,1.0000,0,4,4,,
B1 + B2 rescued,complex-profile/single-01,greedy_index_nolen,1,1,1,1.0000,1.0000,0,1.0000,0,4,2,,
B1 + B2 rescued,complex-profile/single-02,greedy_index_nolen,1,1,1,1.0000,1.0000,0,1.0000,0,2,2,,
B1 + B2 rescued,complex-profile/single-03,greedy_index_nolen,2,2,2,1.0000,1.0000,0,1.0000,0,2,2,,
B1 + B2 rescued,complex-profile/single-04,greedy_index_nolen,1,1,1,1.0000,1.0000,0,1.0000,0,1,1,,
B1 + B2 rescued,heavy-profile/single-01,greedy_index_nolen,3,3,3,1.0000,1.0000,0,1.0000,0,3,3,,
B1 + B2 rescued,heavy-profile/single-02,greedy_index_nolen,3,3,3,1.0000,1.0000,0,1.0000,0,3,3,,
B1 + B2 rescued,heavy-profile/single-03,greedy_index_nolen,3,3,3,1.0000,1.0000,0,1.0000,0,3,3,,
B1 + B2 rescued,heavy-profile/single-04,greedy_index_nolen,3,3,3,1.0000,1.0000,0,1.0000,0,3,3,,
B1 + B2 rescued,heavy-profile/single-05,greedy_index_nolen,3,3,3,1.0000,1.0000,0,1.0000,0,3,3,,
B1 + B2 rescued,heavy-profile/single-06,greedy_index_nolen,3,3,3,1.0000,1.0000,0,1.0000,0,3,3,,
B1 + B2 rescued,heavy-profile/single-07,greedy_index_nolen,3,3,3,1.0000,1.0000,0,1.0000,0,3,3,,
B1 + B2 rescued,heavy-profile/single-08,greedy_index_nolen,3,3,3,1.0000,1.0000,0,1.0000,0,3,3,,
B1 + B2 rescued,heavy-profile/single-09,greedy_index_nolen,0,3,3,0.0000,0.0000,-1,1.0000,0,4,3,,
B1 + B2 rescued,heavy-profile/single-10,greedy_index_nolen,0,3,3,0.0000,0.0000,-1,1.0000,0,5,3,,
B1 + B2 rescued,heavy-profile/standing-01,greedy_index_nolen,3,3,3,1.0000,1.0000,0,1.0000,0,3,3,,
B1 + B2 rescued,l-profile-reshoot/crossed-01,greedy_index_nolen,1,2,2,0.5000,1.0000,0,1.0000,0,3,2,,
B1 + B2 rescued,l-profile-reshoot/overlap-02,greedy_index_nolen,3,3,3,1.0000,1.0000,0,1.0000,0,3,3,,
B1 + B2 rescued,l-profile-reshoot/overlap-03,greedy_index_nolen,4,4,4,1.0000,1.0000,0,1.0000,0,4,4,,
B1 + B2 rescued,l-profile-reshoot/overlap-04,greedy_index_nolen,4,4,4,1.0000,1.0000,0,1.0000,0,4,4,,
B1 + B2 rescued,l-profile-reshoot/overlap-05,greedy_index_nolen,3,3,3,1.0000,1.0000,0,1.0000,0,3,3,,
B1 + B2 rescued,l-profile-reshoot/overlap-06,greedy_index_nolen,3,3,3,1.0000,1.0000,0,1.0000,0,3,3,,
B1 + B2 rescued,l-profile-reshoot/overlap-07,greedy_index_nolen,4,4,4,1.0000,1.0000,0,1.0000,0,4,4,,
B1 + B2 rescued,l-profile-reshoot/overlap-08,greedy_index_nolen,4,4,4,1.0000,1.0000,0,1.0000,0,4,5,,
B1 + B2 rescued,l-profile-reshoot/overlap-09,greedy_index_nolen,4,4,4,1.0000,1.0000,0,1.0000,0,4,5,,
B1 + B2 rescued,l-profile-reshoot/single-01,greedy_index_nolen,3,3,3,1.0000,1.0000,0,1.0000,0,4,4,,
B1 + B2 rescued,l-profile-reshoot/single-02,greedy_index_nolen,0,1,1,0.0000,0.0000,,0.0000,0,2,2,,
B1 + B2 rescued,l-profile-reshoot/single-03,greedy_index_nolen,3,3,3,1.0000,1.0000,0,1.0000,0,3,3,,
B1 + B2 rescued,l-profile-reshoot/standing-01,greedy_index_nolen,4,4,4,1.0000,1.0000,0,1.0000,0,4,6,,
B1 + B2 rescued,l-profile-reshoot/standing-02,greedy_index_nolen,4,4,4,1.0000,1.0000,0,1.0000,0,4,6,,
B1 + B2 rescued,l-profile-reshoot/standing-03,greedy_index_nolen,4,4,4,1.0000,1.0000,0,1.0000,0,4,6,,
B1 + B2 rescued,l-profile-reshoot/standing-04,greedy_index_nolen,2,2,2,1.0000,1.0000,0,1.0000,0,2,3,,
B1 + B2 rescued,l-profile-reshoot/standing-05,greedy_index_nolen,10,11,11,0.9091,1.0000,0,1.0000,0,11,11,,
B1 + B2 rescued,l-profile-reshoot/standing-06,greedy_index_nolen,10,11,11,0.9091,1.0000,0,1.0000,0,11,11,,
B1 + B2 rescued,l-profile-reshoot/standing-07,greedy_index_nolen,7,8,8,0.8750,1.0000,0,1.0000,0,9,9,,
B1 + B2 rescued,l-profile-reshoot/tilted-01,greedy_index_nolen,3,3,3,1.0000,1.0000,0,1.0000,0,4,4,,
B1 + B2 rescued,l-profile-reshoot/tilted-02,greedy_index_nolen,3,3,3,1.0000,1.0000,0,1.0000,0,4,4,,
B1 + B2 rescued,l-profile-reshoot/tilted-03,greedy_index_nolen,4,4,4,1.0000,1.0000,0,1.0000,0,4,5,,
B1 + B2 rescued,l-profile-reshoot/tilted-04,greedy_index_nolen,3,3,3,1.0000,1.0000,0,1.0000,0,3,3,,
B1 + B2 rescued,l-profile-reshoot/tilted-05,greedy_index_nolen,3,3,3,1.0000,1.0000,0,1.0000,0,3,3,,
B1 + B2 rescued,l-profile/crossed-01,greedy_index_nolen,0,4,4,0.0000,0.0000,-1,1.0000,0,4,4,,
B1 + B2 rescued,l-profile/crossed-02,greedy_index_nolen,0,4,4,0.0000,0.0000,1,0.7500,0,4,4,,
B1 + B2 rescued,l-profile/crossed-03,greedy_index_nolen,0,3,3,0.0000,0.0000,-1,1.0000,0,4,4,,
B1 + B2 rescued,l-profile/crossed-04,greedy_index_nolen,2,2,2,1.0000,1.0000,0,1.0000,0,2,2,,
B1 + B2 rescued,l-profile/crossed-05,greedy_index_nolen,2,2,2,1.0000,1.0000,0,1.0000,0,2,2,,
B1 + B2 rescued,l-profile/crossed-06,greedy_index_nolen,2,2,2,1.0000,1.0000,0,1.0000,0,2,4,,
B1 + B2 rescued,l-profile/crossed-07,greedy_index_nolen,0,3,3,0.0000,0.0000,1,1.0000,0,3,3,,
B1 + B2 rescued,l-profile/crossed-08,greedy_index_nolen,0,3,3,0.0000,0.0000,1,1.0000,0,3,3,,
B1 + B2 rescued,l-profile/overlap-01,greedy_index_nolen,5,5,5,1.0000,1.0000,0,1.0000,0,5,6,,
B1 + B2 rescued,l-profile/overlap-02,greedy_index_nolen,2,2,2,1.0000,1.0000,0,1.0000,0,2,2,,
B1 + B2 rescued,l-profile/overlap-03,greedy_index_nolen,0,4,4,0.0000,0.0000,1,1.0000,0,4,5,,
B1 + B2 rescued,l-profile/overlap-04,greedy_index_nolen,0,3,3,0.0000,0.0000,1,1.0000,0,4,4,,
B1 + B2 rescued,l-profile/overlap-05,greedy_index_nolen,3,3,3,1.0000,1.0000,0,1.0000,0,4,4,,
B1 + B2 rescued,l-profile/overlap-06,greedy_index_nolen,3,3,3,1.0000,1.0000,0,1.0000,0,4,4,,
B1 + B2 rescued,l-profile/overlap-07,greedy_index_nolen,3,3,3,1.0000,1.0000,0,1.0000,0,4,4,,
B1 + B2 rescued,l-profile/overlap-08,greedy_index_nolen,3,3,3,1.0000,1.0000,0,1.0000,0,4,4,,
B1 + B2 rescued,l-profile/overlap-09,greedy_index_nolen,3,3,3,1.0000,1.0000,0,1.0000,0,4,4,,
B1 + B2 rescued,l-profile/overlap-10,greedy_index_nolen,0,3,3,0.0000,0.0000,1,1.0000,0,4,4,,
B1 + B2 rescued,l-profile/overlap-11,greedy_index_nolen,3,4,4,0.7500,1.0000,0,1.0000,0,4,4,,
B1 + B2 rescued,l-profile/overlap-12,greedy_index_nolen,3,3,3,1.0000,1.0000,0,1.0000,0,3,3,,
B1 + B2 rescued,l-profile/overlap-13,greedy_index_nolen,2,2,2,1.0000,1.0000,0,1.0000,0,3,2,,
B1 + B2 rescued,l-profile/overlap-14,greedy_index_nolen,3,3,3,1.0000,1.0000,0,1.0000,0,3,3,,
B1 + B2 rescued,l-profile/single-01,greedy_index_nolen,3,3,3,1.0000,1.0000,0,1.0000,0,3,3,,
B1 + B2 rescued,l-profile/single-02,greedy_index_nolen,3,3,3,1.0000,1.0000,0,1.0000,0,3,3,,
B1 + B2 rescued,l-profile/single-03,greedy_index_nolen,3,3,3,1.0000,1.0000,0,1.0000,0,3,3,,
B1 + B2 rescued,l-profile/single-04,greedy_index_nolen,0,2,2,0.0000,0.0000,-1,1.0000,0,3,2,,
B1 + B2 rescued,l-profile/single-05,greedy_index_nolen,3,3,3,1.0000,1.0000,0,1.0000,0,3,3,,
B1 + B2 rescued,l-profile/single-06,greedy_index_nolen,3,3,3,1.0000,1.0000,0,1.0000,0,3,3,,
B1 + B2 rescued,l-profile/single-07,greedy_index_nolen,0,1,1,0.0000,0.0000,,0.0000,0,2,1,,
B1 + B2 rescued,l-profile/single-08,greedy_index_nolen,1,1,1,1.0000,1.0000,0,1.0000,0,2,2,,
B1 + B2 rescued,l-profile/single-09,greedy_index_nolen,2,2,2,1.0000,1.0000,0,1.0000,0,2,2,,
B1 + B2 rescued,l-profile/single-10,greedy_index_nolen,2,2,2,1.0000,1.0000,0,1.0000,0,2,4,,
B1 + B2 rescued,l-profile/single-11,greedy_index_nolen,3,3,3,1.0000,1.0000,0,1.0000,0,3,3,,
B1 + B2 rescued,l-profile/single-12,greedy_index_nolen,2,2,2,1.0000,1.0000,0,1.0000,0,2,2,,
B1 + B2 rescued,l-profile/standing-01,greedy_index_nolen,3,3,3,1.0000,1.0000,0,1.0000,0,3,3,,
B1 + B2 rescued,l-profile/standing-02,greedy_index_nolen,3,4,4,0.7500,1.0000,0,1.0000,0,4,4,,
B1 + B2 rescued,l-profile/standing-03,greedy_index_nolen,4,4,4,1.0000,1.0000,0,1.0000,0,4,4,,
B1 + B2 rescued,l-profile/standing-04,greedy_index_nolen,3,4,4,0.7500,1.0000,0,1.0000,0,4,4,,
B1 + B2 rescued,l-profile/standing-05,greedy_index_nolen,3,3,3,1.0000,1.0000,0,1.0000,0,3,3,,
B1 + B2 rescued,l-profile/tilted-01,greedy_index_nolen,0,2,2,0.0000,0.0000,,0.0000,0,2,3,,
B1 + B2 rescued,square-profile/single-01,greedy_index_nolen,8,8,8,1.0000,1.0000,0,1.0000,0,10,8,,
B1 + B2 rescued,square-profile/single-02,greedy_index_nolen,4,4,4,1.0000,1.0000,0,1.0000,0,4,4,,
B1 + B2 rescued,square-profile/single-03,greedy_index_nolen,4,4,4,1.0000,1.0000,0,1.0000,0,4,4,,
B1 + B2 rescued,square-profile/single-04,greedy_index_nolen,4,4,4,1.0000,1.0000,0,1.0000,0,4,4,,
B1 + B2 rescued,square-profile/single-05,greedy_index_nolen,3,3,3,1.0000,1.0000,0,1.0000,0,4,4,,
B1 + B2 rescued,square-profile/single-06,greedy_index_nolen,3,3,3,1.0000,1.0000,0,1.0000,0,4,3,,
B1 + B2 rescued,square-profile/single-07,greedy_index_nolen,3,3,3,1.0000,1.0000,0,1.0000,0,4,3,,
B1 + B2 rescued,square-profile/single-08,greedy_index_nolen,4,4,4,1.0000,1.0000,0,1.0000,0,4,4,,
B1 + B2 rescued,square-profile/single-09,greedy_index_nolen,3,3,3,1.0000,1.0000,0,1.0000,0,3,3,,
B1 + B2 rescued,square-profile/single-10,greedy_index_nolen,2,2,2,1.0000,1.0000,0,1.0000,0,2,2,,
B1 + B2 rescued,square-profile/single-11,greedy_index_nolen,5,5,5,1.0000,1.0000,0,1.0000,0,8,6,,
B1 + B2 rescued,square-profile/single-12,greedy_index_nolen,3,3,3,1.0000,1.0000,0,1.0000,0,3,3,,
B1 + B2 rescued,square-profile/single-13,greedy_index_nolen,3,3,3,1.0000,1.0000,0,1.0000,0,3,3,,
B1 + B2 rescued,square-profile/single-14,greedy_index_nolen,3,3,3,1.0000,1.0000,0,1.0000,0,3,3,,
B1 + B2 rescued,square-profile/single-15,greedy_index_nolen,3,3,3,1.0000,1.0000,0,1.0000,0,3,3,,
B1 + B2 rescued,square-profile/single-16,greedy_index_nolen,2,3,3,0.6667,1.0000,0,1.0000,0,4,3,,
B1 + B2 rescued,square-profile/single-17,greedy_index_nolen,4,4,4,1.0000,1.0000,0,1.0000,0,7,10,,
B1 + B2 rescued,square-profile/single-18,greedy_index_nolen,16,22,22,0.7273,0.8889,0,0.8889,0,28,27,,
B1 + B2 rescued,square-profile/single-19,greedy_index_nolen,3,3,3,1.0000,1.0000,0,1.0000,0,3,3,,
B1 + B2 rescued,square-profile/single-20,greedy_index_nolen,0,4,4,0.0000,0.0000,1,1.0000,0,6,9,,
B1 + B2 rescued,square-profile/single-21,greedy_index_nolen,6,7,7,0.8571,1.0000,0,1.0000,0,8,7,,
B1 + B2 rescued,square-profile/single-22,greedy_index_nolen,0,7,7,0.0000,0.0000,1,1.0000,0,8,8,,
B1 + B2 rescued,square-profile/single-23,greedy_index_nolen,7,7,7,1.0000,1.0000,0,1.0000,0,8,8,,
B1 + B2 rescued,square-profile/single-24,greedy_index_nolen,7,8,8,0.8750,1.0000,0,1.0000,0,8,8,,
B1 + B2 rescued,square-profile/single-25,greedy_index_nolen,7,7,7,1.0000,1.0000,0,1.0000,0,8,8,,
B1 + B2 rescued,square-profile/single-26,greedy_index_nolen,7,7,7,1.0000,1.0000,0,1.0000,0,7,8,,
B1 + B2 rescued,square-profile/single-27,greedy_index_nolen,9,9,9,1.0000,1.0000,0,1.0000,0,9,9,,
B1 + B2 rescued,square-profile/single-28,greedy_index_nolen,8,9,9,0.8889,1.0000,0,1.0000,0,9,9,,
B1 + B2 rescued,square-profile/standing-01,greedy_index_nolen,4,4,4,1.0000,1.0000,0,1.0000,0,4,4,,
B1 + B2 rescued,complex-profile/single-01,greedy_index_order,1,1,1,1.0000,1.0000,0,1.0000,0,4,2,,
B1 + B2 rescued,complex-profile/single-02,greedy_index_order,1,1,1,1.0000,1.0000,0,1.0000,0,2,2,,
B1 + B2 rescued,complex-profile/single-03,greedy_index_order,2,2,2,1.0000,1.0000,0,1.0000,0,2,2,,
B1 + B2 rescued,complex-profile/single-04,greedy_index_order,1,1,1,1.0000,1.0000,0,1.0000,0,1,1,,
B1 + B2 rescued,heavy-profile/single-01,greedy_index_order,3,3,3,1.0000,1.0000,0,1.0000,0,3,3,,
B1 + B2 rescued,heavy-profile/single-02,greedy_index_order,3,3,3,1.0000,1.0000,0,1.0000,0,3,3,,
B1 + B2 rescued,heavy-profile/single-03,greedy_index_order,3,3,3,1.0000,1.0000,0,1.0000,0,3,3,,
B1 + B2 rescued,heavy-profile/single-04,greedy_index_order,3,3,3,1.0000,1.0000,0,1.0000,0,3,3,,
B1 + B2 rescued,heavy-profile/single-05,greedy_index_order,3,3,3,1.0000,1.0000,0,1.0000,0,3,3,,
B1 + B2 rescued,heavy-profile/single-06,greedy_index_order,3,3,3,1.0000,1.0000,0,1.0000,0,3,3,,
B1 + B2 rescued,heavy-profile/single-07,greedy_index_order,3,3,3,1.0000,1.0000,0,1.0000,0,3,3,,
B1 + B2 rescued,heavy-profile/single-08,greedy_index_order,3,3,3,1.0000,1.0000,0,1.0000,0,3,3,,
B1 + B2 rescued,heavy-profile/single-09,greedy_index_order,0,3,3,0.0000,0.0000,-1,1.0000,0,4,3,,
B1 + B2 rescued,heavy-profile/single-10,greedy_index_order,0,3,3,0.0000,0.0000,-1,1.0000,0,5,3,,
B1 + B2 rescued,heavy-profile/standing-01,greedy_index_order,3,3,3,1.0000,1.0000,0,1.0000,0,3,3,,
B1 + B2 rescued,l-profile-reshoot/crossed-01,greedy_index_order,1,2,2,0.5000,1.0000,0,1.0000,0,3,2,,
B1 + B2 rescued,l-profile-reshoot/overlap-02,greedy_index_order,3,3,3,1.0000,1.0000,0,1.0000,0,3,3,,
B1 + B2 rescued,l-profile-reshoot/overlap-03,greedy_index_order,4,4,4,1.0000,1.0000,0,1.0000,0,4,4,,
B1 + B2 rescued,l-profile-reshoot/overlap-04,greedy_index_order,4,4,4,1.0000,1.0000,0,1.0000,0,4,4,,
B1 + B2 rescued,l-profile-reshoot/overlap-05,greedy_index_order,3,3,3,1.0000,1.0000,0,1.0000,0,3,3,,
B1 + B2 rescued,l-profile-reshoot/overlap-06,greedy_index_order,3,3,3,1.0000,1.0000,0,1.0000,0,3,3,,
B1 + B2 rescued,l-profile-reshoot/overlap-07,greedy_index_order,4,4,4,1.0000,1.0000,0,1.0000,0,4,4,,
B1 + B2 rescued,l-profile-reshoot/overlap-08,greedy_index_order,4,4,4,1.0000,1.0000,0,1.0000,0,4,5,,
B1 + B2 rescued,l-profile-reshoot/overlap-09,greedy_index_order,4,4,4,1.0000,1.0000,0,1.0000,0,4,5,,
B1 + B2 rescued,l-profile-reshoot/single-01,greedy_index_order,3,3,3,1.0000,1.0000,0,1.0000,0,4,4,,
B1 + B2 rescued,l-profile-reshoot/single-02,greedy_index_order,1,1,1,1.0000,1.0000,0,1.0000,0,2,2,,
B1 + B2 rescued,l-profile-reshoot/single-03,greedy_index_order,3,3,3,1.0000,1.0000,0,1.0000,0,3,3,,
B1 + B2 rescued,l-profile-reshoot/standing-01,greedy_index_order,4,4,4,1.0000,1.0000,0,1.0000,0,4,6,,
B1 + B2 rescued,l-profile-reshoot/standing-02,greedy_index_order,4,4,4,1.0000,1.0000,0,1.0000,0,4,6,,
B1 + B2 rescued,l-profile-reshoot/standing-03,greedy_index_order,4,4,4,1.0000,1.0000,0,1.0000,0,4,6,,
B1 + B2 rescued,l-profile-reshoot/standing-04,greedy_index_order,2,2,2,1.0000,1.0000,0,1.0000,0,2,3,,
B1 + B2 rescued,l-profile-reshoot/standing-05,greedy_index_order,11,11,11,1.0000,1.0000,0,1.0000,0,11,11,,
B1 + B2 rescued,l-profile-reshoot/standing-06,greedy_index_order,11,11,11,1.0000,1.0000,0,1.0000,0,11,11,,
B1 + B2 rescued,l-profile-reshoot/standing-07,greedy_index_order,8,8,8,1.0000,1.0000,0,1.0000,0,9,9,,
B1 + B2 rescued,l-profile-reshoot/tilted-01,greedy_index_order,3,3,3,1.0000,1.0000,0,1.0000,0,4,4,,
B1 + B2 rescued,l-profile-reshoot/tilted-02,greedy_index_order,3,3,3,1.0000,1.0000,0,1.0000,0,4,4,,
B1 + B2 rescued,l-profile-reshoot/tilted-03,greedy_index_order,4,4,4,1.0000,1.0000,0,1.0000,0,4,5,,
B1 + B2 rescued,l-profile-reshoot/tilted-04,greedy_index_order,3,3,3,1.0000,1.0000,0,1.0000,0,3,3,,
B1 + B2 rescued,l-profile-reshoot/tilted-05,greedy_index_order,3,3,3,1.0000,1.0000,0,1.0000,0,3,3,,
B1 + B2 rescued,l-profile/crossed-01,greedy_index_order,0,4,4,0.0000,0.0000,-1,0.7500,0,4,4,,
B1 + B2 rescued,l-profile/crossed-02,greedy_index_order,0,4,4,0.0000,0.0000,1,0.7500,0,4,4,,
B1 + B2 rescued,l-profile/crossed-03,greedy_index_order,0,3,3,0.0000,0.0000,-1,0.6667,0,4,4,,
B1 + B2 rescued,l-profile/crossed-04,greedy_index_order,2,2,2,1.0000,1.0000,0,1.0000,0,2,2,,
B1 + B2 rescued,l-profile/crossed-05,greedy_index_order,2,2,2,1.0000,1.0000,0,1.0000,0,2,2,,
B1 + B2 rescued,l-profile/crossed-06,greedy_index_order,2,2,2,1.0000,1.0000,0,1.0000,0,2,4,,
B1 + B2 rescued,l-profile/crossed-07,greedy_index_order,0,3,3,0.0000,0.0000,1,1.0000,0,3,3,,
B1 + B2 rescued,l-profile/crossed-08,greedy_index_order,0,3,3,0.0000,0.0000,1,1.0000,0,3,3,,
B1 + B2 rescued,l-profile/overlap-01,greedy_index_order,5,5,5,1.0000,1.0000,0,1.0000,0,5,6,,
B1 + B2 rescued,l-profile/overlap-02,greedy_index_order,2,2,2,1.0000,1.0000,0,1.0000,0,2,2,,
B1 + B2 rescued,l-profile/overlap-03,greedy_index_order,0,4,4,0.0000,0.0000,1,1.0000,0,4,5,,
B1 + B2 rescued,l-profile/overlap-04,greedy_index_order,0,3,3,0.0000,0.0000,1,1.0000,0,4,4,,
B1 + B2 rescued,l-profile/overlap-05,greedy_index_order,3,3,3,1.0000,1.0000,0,1.0000,0,4,4,,
B1 + B2 rescued,l-profile/overlap-06,greedy_index_order,3,3,3,1.0000,1.0000,0,1.0000,0,4,4,,
B1 + B2 rescued,l-profile/overlap-07,greedy_index_order,3,3,3,1.0000,1.0000,0,1.0000,0,4,4,,
B1 + B2 rescued,l-profile/overlap-08,greedy_index_order,3,3,3,1.0000,1.0000,0,1.0000,0,4,4,,
B1 + B2 rescued,l-profile/overlap-09,greedy_index_order,3,3,3,1.0000,1.0000,0,1.0000,0,4,4,,
B1 + B2 rescued,l-profile/overlap-10,greedy_index_order,0,3,3,0.0000,0.0000,1,1.0000,0,4,4,,
B1 + B2 rescued,l-profile/overlap-11,greedy_index_order,4,4,4,1.0000,1.0000,0,1.0000,0,4,4,,
B1 + B2 rescued,l-profile/overlap-12,greedy_index_order,3,3,3,1.0000,1.0000,0,1.0000,0,3,3,,
B1 + B2 rescued,l-profile/overlap-13,greedy_index_order,2,2,2,1.0000,1.0000,0,1.0000,0,3,2,,
B1 + B2 rescued,l-profile/overlap-14,greedy_index_order,3,3,3,1.0000,1.0000,0,1.0000,0,3,3,,
B1 + B2 rescued,l-profile/single-01,greedy_index_order,3,3,3,1.0000,1.0000,0,1.0000,0,3,3,,
B1 + B2 rescued,l-profile/single-02,greedy_index_order,3,3,3,1.0000,1.0000,0,1.0000,0,3,3,,
B1 + B2 rescued,l-profile/single-03,greedy_index_order,3,3,3,1.0000,1.0000,0,1.0000,0,3,3,,
B1 + B2 rescued,l-profile/single-04,greedy_index_order,0,2,2,0.0000,0.0000,-1,1.0000,0,3,2,,
B1 + B2 rescued,l-profile/single-05,greedy_index_order,3,3,3,1.0000,1.0000,0,1.0000,0,3,3,,
B1 + B2 rescued,l-profile/single-06,greedy_index_order,3,3,3,1.0000,1.0000,0,1.0000,0,3,3,,
B1 + B2 rescued,l-profile/single-07,greedy_index_order,0,1,1,0.0000,0.0000,,0.0000,0,2,1,,
B1 + B2 rescued,l-profile/single-08,greedy_index_order,1,1,1,1.0000,1.0000,0,1.0000,0,2,2,,
B1 + B2 rescued,l-profile/single-09,greedy_index_order,2,2,2,1.0000,1.0000,0,1.0000,0,2,2,,
B1 + B2 rescued,l-profile/single-10,greedy_index_order,2,2,2,1.0000,1.0000,0,1.0000,0,2,4,,
B1 + B2 rescued,l-profile/single-11,greedy_index_order,3,3,3,1.0000,1.0000,0,1.0000,0,3,3,,
B1 + B2 rescued,l-profile/single-12,greedy_index_order,2,2,2,1.0000,1.0000,0,1.0000,0,2,2,,
B1 + B2 rescued,l-profile/standing-01,greedy_index_order,3,3,3,1.0000,1.0000,0,1.0000,0,3,3,,
B1 + B2 rescued,l-profile/standing-02,greedy_index_order,4,4,4,1.0000,1.0000,0,1.0000,0,4,4,,
B1 + B2 rescued,l-profile/standing-03,greedy_index_order,4,4,4,1.0000,1.0000,0,1.0000,0,4,4,,
B1 + B2 rescued,l-profile/standing-04,greedy_index_order,4,4,4,1.0000,1.0000,0,1.0000,0,4,4,,
B1 + B2 rescued,l-profile/standing-05,greedy_index_order,3,3,3,1.0000,1.0000,0,1.0000,0,3,3,,
B1 + B2 rescued,l-profile/tilted-01,greedy_index_order,2,2,2,1.0000,1.0000,0,1.0000,0,2,3,,
B1 + B2 rescued,square-profile/single-01,greedy_index_order,8,8,8,1.0000,1.0000,0,1.0000,0,10,8,,
B1 + B2 rescued,square-profile/single-02,greedy_index_order,4,4,4,1.0000,1.0000,0,1.0000,0,4,4,,
B1 + B2 rescued,square-profile/single-03,greedy_index_order,4,4,4,1.0000,1.0000,0,1.0000,0,4,4,,
B1 + B2 rescued,square-profile/single-04,greedy_index_order,4,4,4,1.0000,1.0000,0,1.0000,0,4,4,,
B1 + B2 rescued,square-profile/single-05,greedy_index_order,3,3,3,1.0000,1.0000,0,1.0000,0,4,4,,
B1 + B2 rescued,square-profile/single-06,greedy_index_order,3,3,3,1.0000,1.0000,0,1.0000,0,4,3,,
B1 + B2 rescued,square-profile/single-07,greedy_index_order,3,3,3,1.0000,1.0000,0,1.0000,0,4,3,,
B1 + B2 rescued,square-profile/single-08,greedy_index_order,4,4,4,1.0000,1.0000,0,1.0000,0,4,4,,
B1 + B2 rescued,square-profile/single-09,greedy_index_order,3,3,3,1.0000,1.0000,0,1.0000,0,3,3,,
B1 + B2 rescued,square-profile/single-10,greedy_index_order,2,2,2,1.0000,1.0000,0,1.0000,0,2,2,,
B1 + B2 rescued,square-profile/single-11,greedy_index_order,5,5,5,1.0000,1.0000,0,1.0000,0,8,6,,
B1 + B2 rescued,square-profile/single-12,greedy_index_order,3,3,3,1.0000,1.0000,0,1.0000,0,3,3,,
B1 + B2 rescued,square-profile/single-13,greedy_index_order,3,3,3,1.0000,1.0000,0,1.0000,0,3,3,,
B1 + B2 rescued,square-profile/single-14,greedy_index_order,3,3,3,1.0000,1.0000,0,1.0000,0,3,3,,
B1 + B2 rescued,square-profile/single-15,greedy_index_order,3,3,3,1.0000,1.0000,0,1.0000,0,3,3,,
B1 + B2 rescued,square-profile/single-16,greedy_index_order,2,3,3,0.6667,1.0000,0,1.0000,0,4,3,,
B1 + B2 rescued,square-profile/single-17,greedy_index_order,4,4,4,1.0000,1.0000,0,1.0000,0,7,10,,
B1 + B2 rescued,square-profile/single-18,greedy_index_order,19,22,22,0.8636,0.9048,0,0.9048,0,28,27,,
B1 + B2 rescued,square-profile/single-19,greedy_index_order,3,3,3,1.0000,1.0000,0,1.0000,0,3,3,,
B1 + B2 rescued,square-profile/single-20,greedy_index_order,0,4,4,0.0000,0.0000,1,1.0000,0,6,9,,
B1 + B2 rescued,square-profile/single-21,greedy_index_order,7,7,7,1.0000,1.0000,0,1.0000,0,8,7,,
B1 + B2 rescued,square-profile/single-22,greedy_index_order,0,7,7,0.0000,0.0000,1,1.0000,0,8,8,,
B1 + B2 rescued,square-profile/single-23,greedy_index_order,7,7,7,1.0000,1.0000,0,1.0000,0,8,8,,
B1 + B2 rescued,square-profile/single-24,greedy_index_order,8,8,8,1.0000,1.0000,0,1.0000,0,8,8,,
B1 + B2 rescued,square-profile/single-25,greedy_index_order,7,7,7,1.0000,1.0000,0,1.0000,0,8,8,,
B1 + B2 rescued,square-profile/single-26,greedy_index_order,7,7,7,1.0000,1.0000,0,1.0000,0,7,8,,
B1 + B2 rescued,square-profile/single-27,greedy_index_order,9,9,9,1.0000,1.0000,0,1.0000,0,9,9,,
B1 + B2 rescued,square-profile/single-28,greedy_index_order,9,9,9,1.0000,1.0000,0,1.0000,0,9,9,,
B1 + B2 rescued,square-profile/standing-01,greedy_index_order,4,4,4,1.0000,1.0000,0,1.0000,0,4,4,,
B1 + B2 rescued,complex-profile/single-01,hungarian,1,1,1,1.0000,1.0000,0,1.0000,0,4,2,0.3576,
B1 + B2 rescued,complex-profile/single-02,hungarian,1,1,1,1.0000,1.0000,0,1.0000,0,2,2,2.0056,
B1 + B2 rescued,complex-profile/single-03,hungarian,2,2,2,1.0000,1.0000,0,1.0000,0,2,2,1.6316,
B1 + B2 rescued,complex-profile/single-04,hungarian,1,1,1,1.0000,1.0000,0,1.0000,0,1,1,4.8904,
B1 + B2 rescued,heavy-profile/single-01,hungarian,3,3,3,1.0000,1.0000,0,1.0000,0,3,3,0.1407,
B1 + B2 rescued,heavy-profile/single-02,hungarian,3,3,3,1.0000,1.0000,0,1.0000,0,3,3,0.1344,
B1 + B2 rescued,heavy-profile/single-03,hungarian,3,3,3,1.0000,1.0000,0,1.0000,0,3,3,0.1245,
B1 + B2 rescued,heavy-profile/single-04,hungarian,3,3,3,1.0000,1.0000,0,1.0000,0,3,3,0.4672,
B1 + B2 rescued,heavy-profile/single-05,hungarian,3,3,3,1.0000,1.0000,0,1.0000,0,3,3,1.1902,
B1 + B2 rescued,heavy-profile/single-06,hungarian,3,3,3,1.0000,1.0000,0,1.0000,0,3,3,0.8971,
B1 + B2 rescued,heavy-profile/single-07,hungarian,3,3,3,1.0000,1.0000,0,1.0000,0,3,3,0.8524,
B1 + B2 rescued,heavy-profile/single-08,hungarian,3,3,3,1.0000,1.0000,0,1.0000,0,3,3,0.8844,
B1 + B2 rescued,heavy-profile/single-09,hungarian,3,3,3,1.0000,1.0000,0,1.0000,0,4,3,0.8655,
B1 + B2 rescued,heavy-profile/single-10,hungarian,2,3,3,0.6667,1.0000,0,1.0000,0,5,3,1.1822,
B1 + B2 rescued,heavy-profile/standing-01,hungarian,3,3,3,1.0000,1.0000,0,1.0000,0,3,3,0.4827,
B1 + B2 rescued,l-profile-reshoot/crossed-01,hungarian,2,2,2,1.0000,1.0000,0,1.0000,0,3,2,-0.4761,
B1 + B2 rescued,l-profile-reshoot/overlap-02,hungarian,3,3,3,1.0000,1.0000,0,1.0000,0,3,3,-0.4294,
B1 + B2 rescued,l-profile-reshoot/overlap-03,hungarian,4,4,4,1.0000,1.0000,0,1.0000,0,4,4,-1.6536,
B1 + B2 rescued,l-profile-reshoot/overlap-04,hungarian,4,4,4,1.0000,1.0000,0,1.0000,0,4,4,-0.4088,
B1 + B2 rescued,l-profile-reshoot/overlap-05,hungarian,3,3,3,1.0000,1.0000,0,1.0000,0,3,3,0.5830,
B1 + B2 rescued,l-profile-reshoot/overlap-06,hungarian,3,3,3,1.0000,1.0000,0,1.0000,0,3,3,1.1959,
B1 + B2 rescued,l-profile-reshoot/overlap-07,hungarian,4,4,4,1.0000,1.0000,0,1.0000,0,4,4,-0.0094,
B1 + B2 rescued,l-profile-reshoot/overlap-08,hungarian,4,4,4,1.0000,1.0000,0,1.0000,0,4,5,-0.3669,
B1 + B2 rescued,l-profile-reshoot/overlap-09,hungarian,4,4,4,1.0000,1.0000,0,1.0000,0,4,5,-0.4196,
B1 + B2 rescued,l-profile-reshoot/single-01,hungarian,3,3,3,1.0000,1.0000,0,1.0000,0,4,4,-0.0859,
B1 + B2 rescued,l-profile-reshoot/single-02,hungarian,1,1,1,1.0000,1.0000,0,1.0000,0,2,2,2.7191,
B1 + B2 rescued,l-profile-reshoot/single-03,hungarian,3,3,3,1.0000,1.0000,0,1.0000,0,3,3,1.7704,
B1 + B2 rescued,l-profile-reshoot/standing-01,hungarian,1,4,4,0.2500,0.2500,3,0.2500,0,4,6,-1.2000,
B1 + B2 rescued,l-profile-reshoot/standing-02,hungarian,1,4,4,0.2500,0.2500,3,0.2500,0,4,6,-0.1553,
B1 + B2 rescued,l-profile-reshoot/standing-03,hungarian,1,4,4,0.2500,0.2500,3,0.2500,0,4,6,-0.1733,
B1 + B2 rescued,l-profile-reshoot/standing-04,hungarian,2,2,2,1.0000,1.0000,0,1.0000,0,2,3,14.8674,
B1 + B2 rescued,l-profile-reshoot/standing-05,hungarian,11,11,11,1.0000,1.0000,0,1.0000,0,11,11,-0.8700,
B1 + B2 rescued,l-profile-reshoot/standing-06,hungarian,11,11,11,1.0000,1.0000,0,1.0000,0,11,11,-0.9007,
B1 + B2 rescued,l-profile-reshoot/standing-07,hungarian,8,8,8,1.0000,1.0000,0,1.0000,0,9,9,-2.5093,
B1 + B2 rescued,l-profile-reshoot/tilted-01,hungarian,3,3,3,1.0000,1.0000,0,1.0000,0,4,4,-0.0305,
B1 + B2 rescued,l-profile-reshoot/tilted-02,hungarian,3,3,3,1.0000,1.0000,0,1.0000,0,4,4,-2.0195,
B1 + B2 rescued,l-profile-reshoot/tilted-03,hungarian,4,4,4,1.0000,1.0000,0,1.0000,0,4,5,-0.2071,
B1 + B2 rescued,l-profile-reshoot/tilted-04,hungarian,3,3,3,1.0000,1.0000,0,1.0000,0,3,3,1.6299,
B1 + B2 rescued,l-profile-reshoot/tilted-05,hungarian,3,3,3,1.0000,1.0000,0,1.0000,0,3,3,1.8300,
B1 + B2 rescued,l-profile/crossed-01,hungarian,0,4,4,0.0000,0.0000,-1,0.7500,0,4,4,-1.2451,
B1 + B2 rescued,l-profile/crossed-02,hungarian,4,4,4,1.0000,1.0000,0,1.0000,0,4,4,-0.8539,
B1 + B2 rescued,l-profile/crossed-03,hungarian,0,3,3,0.0000,0.0000,-1,0.6667,0,4,4,-1.0225,
B1 + B2 rescued,l-profile/crossed-04,hungarian,2,2,2,1.0000,1.0000,0,1.0000,0,2,2,-0.5206,
B1 + B2 rescued,l-profile/crossed-05,hungarian,2,2,2,1.0000,1.0000,0,1.0000,0,2,2,-1.0647,
B1 + B2 rescued,l-profile/crossed-06,hungarian,2,2,2,1.0000,1.0000,0,1.0000,0,2,4,-0.0822,
B1 + B2 rescued,l-profile/crossed-07,hungarian,2,3,3,0.6667,1.0000,0,1.0000,0,3,3,-0.9702,
B1 + B2 rescued,l-profile/crossed-08,hungarian,0,3,3,0.0000,0.0000,1,1.0000,0,3,3,-0.9520,
B1 + B2 rescued,l-profile/overlap-01,hungarian,3,5,5,0.6000,0.6000,0,0.6000,0,5,6,-0.0958,
B1 + B2 rescued,l-profile/overlap-02,hungarian,0,2,2,0.0000,0.0000,-1,0.5000,0,2,2,-1.6944,
B1 + B2 rescued,l-profile/overlap-03,hungarian,2,4,4,0.5000,0.5000,0,0.5000,0,4,5,0.0145,
B1 + B2 rescued,l-profile/overlap-04,hungarian,2,3,3,0.6667,0.6667,0,0.6667,0,4,4,-2.2104,
B1 + B2 rescued,l-profile/overlap-05,hungarian,1,3,3,0.3333,0.3333,-1,0.3333,0,4,4,-1.2784,
B1 + B2 rescued,l-profile/overlap-06,hungarian,1,3,3,0.3333,0.3333,-1,0.3333,0,4,4,-1.2693,
B1 + B2 rescued,l-profile/overlap-07,hungarian,1,3,3,0.3333,0.3333,-1,0.3333,0,4,4,-1.1899,
B1 + B2 rescued,l-profile/overlap-08,hungarian,1,3,3,0.3333,0.3333,-1,0.3333,0,4,4,-1.3290,
B1 + B2 rescued,l-profile/overlap-09,hungarian,1,3,3,0.3333,0.3333,-1,0.3333,0,4,4,-1.2792,
B1 + B2 rescued,l-profile/overlap-10,hungarian,3,3,3,1.0000,1.0000,0,1.0000,0,4,4,-1.2381,
B1 + B2 rescued,l-profile/overlap-11,hungarian,4,4,4,1.0000,1.0000,0,1.0000,0,4,4,0.4131,
B1 + B2 rescued,l-profile/overlap-12,hungarian,3,3,3,1.0000,1.0000,0,1.0000,0,3,3,-0.8593,
B1 + B2 rescued,l-profile/overlap-13,hungarian,1,2,2,0.5000,1.0000,0,1.0000,0,3,2,1.2666,
B1 + B2 rescued,l-profile/overlap-14,hungarian,3,3,3,1.0000,1.0000,0,1.0000,0,3,3,-0.9999,
B1 + B2 rescued,l-profile/single-01,hungarian,0,3,3,0.0000,0.0000,-1,0.6667,0,3,3,-0.9629,
B1 + B2 rescued,l-profile/single-02,hungarian,0,3,3,0.0000,0.0000,-1,0.6667,0,3,3,-0.9586,
B1 + B2 rescued,l-profile/single-03,hungarian,0,3,3,0.0000,0.0000,-1,0.6667,0,3,3,-0.9589,
B1 + B2 rescued,l-profile/single-04,hungarian,0,2,2,0.0000,0.0000,-1,1.0000,0,3,2,1.9737,
B1 + B2 rescued,l-profile/single-05,hungarian,0,3,3,0.0000,0.0000,-1,0.6667,0,3,3,-0.9587,
B1 + B2 rescued,l-profile/single-06,hungarian,0,3,3,0.0000,0.0000,-1,0.6667,0,3,3,-1.6954,
B1 + B2 rescued,l-profile/single-07,hungarian,1,1,1,1.0000,1.0000,0,1.0000,0,2,1,4.7795,
B1 + B2 rescued,l-profile/single-08,hungarian,1,1,1,1.0000,1.0000,0,1.0000,0,2,2,2.5989,
B1 + B2 rescued,l-profile/single-09,hungarian,2,2,2,1.0000,1.0000,0,1.0000,0,2,2,2.5478,
B1 + B2 rescued,l-profile/single-10,hungarian,2,2,2,1.0000,1.0000,0,1.0000,0,2,4,0.3471,
B1 + B2 rescued,l-profile/single-11,hungarian,3,3,3,1.0000,1.0000,0,1.0000,0,3,3,-0.9581,
B1 + B2 rescued,l-profile/single-12,hungarian,0,2,2,0.0000,0.0000,-1,0.5000,0,2,2,-1.0949,
B1 + B2 rescued,l-profile/standing-01,hungarian,3,3,3,1.0000,1.0000,0,1.0000,0,3,3,-1.5952,
B1 + B2 rescued,l-profile/standing-02,hungarian,4,4,4,1.0000,1.0000,0,1.0000,0,4,4,-0.4454,
B1 + B2 rescued,l-profile/standing-03,hungarian,4,4,4,1.0000,1.0000,0,1.0000,0,4,4,-0.2949,
B1 + B2 rescued,l-profile/standing-04,hungarian,2,4,4,0.5000,0.5000,0,0.5000,0,4,4,-0.3295,
B1 + B2 rescued,l-profile/standing-05,hungarian,3,3,3,1.0000,1.0000,0,1.0000,0,3,3,-0.1790,
B1 + B2 rescued,l-profile/tilted-01,hungarian,0,2,2,0.0000,0.0000,1,0.5000,0,2,3,0.4743,
B1 + B2 rescued,square-profile/single-01,hungarian,0,8,8,0.0000,0.0000,2,0.6667,0,10,8,-0.8780,
B1 + B2 rescued,square-profile/single-02,hungarian,4,4,4,1.0000,1.0000,0,1.0000,0,4,4,-0.6751,
B1 + B2 rescued,square-profile/single-03,hungarian,4,4,4,1.0000,1.0000,0,1.0000,0,4,4,-0.6740,
B1 + B2 rescued,square-profile/single-04,hungarian,4,4,4,1.0000,1.0000,0,1.0000,0,4,4,-0.6433,
B1 + B2 rescued,square-profile/single-05,hungarian,1,3,3,0.3333,0.3333,0,0.3333,0,4,4,-3.1542,
B1 + B2 rescued,square-profile/single-06,hungarian,3,3,3,1.0000,1.0000,0,1.0000,0,4,3,0.7656,
B1 + B2 rescued,square-profile/single-07,hungarian,3,3,3,1.0000,1.0000,0,1.0000,0,4,3,0.4943,
B1 + B2 rescued,square-profile/single-08,hungarian,4,4,4,1.0000,1.0000,0,1.0000,0,4,4,0.0139,
B1 + B2 rescued,square-profile/single-09,hungarian,3,3,3,1.0000,1.0000,0,1.0000,0,3,3,0.2662,
B1 + B2 rescued,square-profile/single-10,hungarian,2,2,2,1.0000,1.0000,0,1.0000,0,2,2,0.4340,
B1 + B2 rescued,square-profile/single-11,hungarian,1,5,5,0.2000,0.2500,1,0.7500,0,8,6,0.1152,
B1 + B2 rescued,square-profile/single-12,hungarian,3,3,3,1.0000,1.0000,0,1.0000,0,3,3,0.5985,
B1 + B2 rescued,square-profile/single-13,hungarian,3,3,3,1.0000,1.0000,0,1.0000,0,3,3,-0.0391,
B1 + B2 rescued,square-profile/single-14,hungarian,3,3,3,1.0000,1.0000,0,1.0000,0,3,3,-0.5890,
B1 + B2 rescued,square-profile/single-15,hungarian,3,3,3,1.0000,1.0000,0,1.0000,0,3,3,-0.2140,
B1 + B2 rescued,square-profile/single-16,hungarian,3,3,3,1.0000,1.0000,0,1.0000,0,4,3,-0.2166,
B1 + B2 rescued,square-profile/single-17,hungarian,2,4,4,0.5000,0.5000,0,0.5000,0,7,10,-1.9615,
B1 + B2 rescued,square-profile/single-18,hungarian,17,22,22,0.7727,0.8095,0,0.8095,0,28,27,-2.9833,
B1 + B2 rescued,square-profile/single-19,hungarian,3,3,3,1.0000,1.0000,0,1.0000,0,3,3,0.1800,
B1 + B2 rescued,square-profile/single-20,hungarian,0,4,4,0.0000,0.0000,-1,1.0000,0,6,9,-0.8324,
B1 + B2 rescued,square-profile/single-21,hungarian,0,7,7,0.0000,0.0000,1,1.0000,0,8,7,-0.2597,
B1 + B2 rescued,square-profile/single-22,hungarian,7,7,7,1.0000,1.0000,0,1.0000,0,8,8,-0.4933,
B1 + B2 rescued,square-profile/single-23,hungarian,5,7,7,0.7143,0.7143,0,0.7143,0,8,8,-0.1668,
B1 + B2 rescued,square-profile/single-24,hungarian,8,8,8,1.0000,1.0000,0,1.0000,0,8,8,-0.2753,
B1 + B2 rescued,square-profile/single-25,hungarian,7,7,7,1.0000,1.0000,0,1.0000,0,8,8,0.4264,
B1 + B2 rescued,square-profile/single-26,hungarian,7,7,7,1.0000,1.0000,0,1.0000,0,7,8,0.5066,
B1 + B2 rescued,square-profile/single-27,hungarian,9,9,9,1.0000,1.0000,0,1.0000,0,9,9,-0.2045,
B1 + B2 rescued,square-profile/single-28,hungarian,9,9,9,1.0000,1.0000,0,1.0000,0,9,9,-0.4560,
B1 + B2 rescued,square-profile/standing-01,hungarian,4,4,4,1.0000,1.0000,0,1.0000,0,4,4,0.3683,
B1 + B2 rescued,complex-profile/single-01,hungarian_aligned,1,1,1,1.0000,1.0000,0,1.0000,0,4,2,3.2793,65.444
B1 + B2 rescued,complex-profile/single-02,hungarian_aligned,1,1,1,1.0000,1.0000,0,1.0000,0,2,2,2.4983,22.610
B1 + B2 rescued,complex-profile/single-03,hungarian_aligned,2,2,2,1.0000,1.0000,0,1.0000,0,2,2,2.4962,32.008
B1 + B2 rescued,complex-profile/single-04,hungarian_aligned,1,1,1,1.0000,1.0000,0,1.0000,0,1,1,7.5000,49.589
B1 + B2 rescued,heavy-profile/single-01,hungarian_aligned,3,3,3,1.0000,1.0000,0,1.0000,0,3,3,1.0729,-46.700
B1 + B2 rescued,heavy-profile/single-02,hungarian_aligned,3,3,3,1.0000,1.0000,0,1.0000,0,3,3,1.0861,-46.443
B1 + B2 rescued,heavy-profile/single-03,hungarian_aligned,3,3,3,1.0000,1.0000,0,1.0000,0,3,3,1.0866,-46.670
B1 + B2 rescued,heavy-profile/single-04,hungarian_aligned,3,3,3,1.0000,1.0000,0,1.0000,0,3,3,1.8819,-31.774
B1 + B2 rescued,heavy-profile/single-05,hungarian_aligned,3,3,3,1.0000,1.0000,0,1.0000,0,3,3,1.7960,-20.451
B1 + B2 rescued,heavy-profile/single-06,hungarian_aligned,3,3,3,1.0000,1.0000,0,1.0000,0,3,3,1.9443,-27.376
B1 + B2 rescued,heavy-profile/single-07,hungarian_aligned,3,3,3,1.0000,1.0000,0,1.0000,0,3,3,1.9319,-28.042
B1 + B2 rescued,heavy-profile/single-08,hungarian_aligned,3,3,3,1.0000,1.0000,0,1.0000,0,3,3,2.0610,-28.223
B1 + B2 rescued,heavy-profile/single-09,hungarian_aligned,3,3,3,1.0000,1.0000,0,1.0000,0,4,3,2.0829,-28.328
B1 + B2 rescued,heavy-profile/single-10,hungarian_aligned,2,3,3,0.6667,1.0000,0,1.0000,0,5,3,1.8946,-15.922
B1 + B2 rescued,heavy-profile/standing-01,hungarian_aligned,3,3,3,1.0000,1.0000,0,1.0000,0,3,3,1.9478,-32.831
B1 + B2 rescued,l-profile-reshoot/crossed-01,hungarian_aligned,1,2,2,0.5000,1.0000,0,1.0000,0,3,2,0.5702,-37.784
B1 + B2 rescued,l-profile-reshoot/overlap-02,hungarian_aligned,3,3,3,1.0000,1.0000,0,1.0000,0,3,3,1.2827,38.605
B1 + B2 rescued,l-profile-reshoot/overlap-03,hungarian_aligned,4,4,4,1.0000,1.0000,0,1.0000,0,4,4,-0.0646,39.108
B1 + B2 rescued,l-profile-reshoot/overlap-04,hungarian_aligned,4,4,4,1.0000,1.0000,0,1.0000,0,4,4,0.5046,21.804
B1 + B2 rescued,l-profile-reshoot/overlap-05,hungarian_aligned,3,3,3,1.0000,1.0000,0,1.0000,0,3,3,0.6005,-1.626
B1 + B2 rescued,l-profile-reshoot/overlap-06,hungarian_aligned,3,3,3,1.0000,1.0000,0,1.0000,0,3,3,1.3290,-2.994
B1 + B2 rescued,l-profile-reshoot/overlap-07,hungarian_aligned,4,4,4,1.0000,1.0000,0,1.0000,0,4,4,0.6951,16.472
B1 + B2 rescued,l-profile-reshoot/overlap-08,hungarian_aligned,0,4,4,0.0000,0.0000,-1,1.0000,0,4,5,0.5984,64.226
B1 + B2 rescued,l-profile-reshoot/overlap-09,hungarian_aligned,1,4,4,0.2500,0.2500,-1,0.7500,0,4,5,1.1361,70.370
B1 + B2 rescued,l-profile-reshoot/single-01,hungarian_aligned,3,3,3,1.0000,1.0000,0,1.0000,0,4,4,1.6237,39.073
B1 + B2 rescued,l-profile-reshoot/single-02,hungarian_aligned,1,1,1,1.0000,1.0000,0,1.0000,0,2,2,3.2024,-10.686
B1 + B2 rescued,l-profile-reshoot/single-03,hungarian_aligned,3,3,3,1.0000,1.0000,0,1.0000,0,3,3,4.2663,55.289
B1 + B2 rescued,l-profile-reshoot/standing-01,hungarian_aligned,4,4,4,1.0000,1.0000,0,1.0000,0,4,6,-0.8875,-147.691
B1 + B2 rescued,l-profile-reshoot/standing-02,hungarian_aligned,4,4,4,1.0000,1.0000,0,1.0000,0,4,6,2.8638,-133.003
B1 + B2 rescued,l-profile-reshoot/standing-03,hungarian_aligned,4,4,4,1.0000,1.0000,0,1.0000,0,4,6,3.3782,-130.427
B1 + B2 rescued,l-profile-reshoot/standing-04,hungarian_aligned,2,2,2,1.0000,1.0000,0,1.0000,0,2,3,16.8922,23.214
B1 + B2 rescued,l-profile-reshoot/standing-05,hungarian_aligned,0,11,11,0.0000,0.0000,-1,0.9091,0,11,11,-3.8763,21.313
B1 + B2 rescued,l-profile-reshoot/standing-06,hungarian_aligned,0,11,11,0.0000,0.0000,-1,0.9091,0,11,11,-3.8638,21.343
B1 + B2 rescued,l-profile-reshoot/standing-07,hungarian_aligned,8,8,8,1.0000,1.0000,0,1.0000,0,9,9,-2.5493,-2.538
B1 + B2 rescued,l-profile-reshoot/tilted-01,hungarian_aligned,3,3,3,1.0000,1.0000,0,1.0000,0,4,4,1.7008,39.797
B1 + B2 rescued,l-profile-reshoot/tilted-02,hungarian_aligned,3,3,3,1.0000,1.0000,0,1.0000,0,4,4,-0.3118,39.534
B1 + B2 rescued,l-profile-reshoot/tilted-03,hungarian_aligned,1,4,4,0.2500,0.2500,-1,0.5000,0,4,5,0.4401,30.360
B1 + B2 rescued,l-profile-reshoot/tilted-04,hungarian_aligned,3,3,3,1.0000,1.0000,0,1.0000,0,3,3,4.2611,55.481
B1 + B2 rescued,l-profile-reshoot/tilted-05,hungarian_aligned,3,3,3,1.0000,1.0000,0,1.0000,0,3,3,4.3344,52.626
B1 + B2 rescued,l-profile/crossed-01,hungarian_aligned,0,4,4,0.0000,0.0000,-1,0.7500,0,4,4,-1.0459,11.461
B1 + B2 rescued,l-profile/crossed-02,hungarian_aligned,4,4,4,1.0000,1.0000,0,1.0000,0,4,4,-2.9902,-54.214
B1 + B2 rescued,l-profile/crossed-03,hungarian_aligned,3,3,3,1.0000,1.0000,0,1.0000,0,4,4,-0.1924,-87.264
B1 + B2 rescued,l-profile/crossed-04,hungarian_aligned,2,2,2,1.0000,1.0000,0,1.0000,0,2,2,1.8658,53.707
B1 + B2 rescued,l-profile/crossed-05,hungarian_aligned,2,2,2,1.0000,1.0000,0,1.0000,0,2,2,1.3235,53.854
B1 + B2 rescued,l-profile/crossed-06,hungarian_aligned,2,2,2,1.0000,1.0000,0,1.0000,0,2,4,1.4384,-34.203
B1 + B2 rescued,l-profile/crossed-07,hungarian_aligned,2,3,3,0.6667,1.0000,0,1.0000,0,3,3,2.2532,72.612
B1 + B2 rescued,l-profile/crossed-08,hungarian_aligned,2,3,3,0.6667,1.0000,0,1.0000,0,3,3,2.2552,72.485
B1 + B2 rescued,l-profile/overlap-01,hungarian_aligned,3,5,5,0.6000,0.6000,0,0.6000,0,5,6,-0.0439,-18.877
B1 + B2 rescued,l-profile/overlap-02,hungarian_aligned,2,2,2,1.0000,1.0000,0,1.0000,0,2,2,1.1280,-79.397
B1 + B2 rescued,l-profile/overlap-03,hungarian_aligned,2,4,4,0.5000,0.5000,0,0.5000,0,4,5,-0.7343,-29.229
B1 + B2 rescued,l-profile/overlap-04,hungarian_aligned,0,3,3,0.0000,0.0000,1,1.0000,0,4,4,0.1589,-85.719
B1 + B2 rescued,l-profile/overlap-05,hungarian_aligned,3,3,3,1.0000,1.0000,0,1.0000,0,4,4,0.4067,-102.874
B1 + B2 rescued,l-profile/overlap-06,hungarian_aligned,3,3,3,1.0000,1.0000,0,1.0000,0,4,4,0.4336,-102.821
B1 + B2 rescued,l-profile/overlap-07,hungarian_aligned,3,3,3,1.0000,1.0000,0,1.0000,0,4,4,0.5814,-102.861
B1 + B2 rescued,l-profile/overlap-08,hungarian_aligned,3,3,3,1.0000,1.0000,0,1.0000,0,4,4,0.3289,-102.463
B1 + B2 rescued,l-profile/overlap-09,hungarian_aligned,3,3,3,1.0000,1.0000,0,1.0000,0,4,4,0.4131,-102.819
B1 + B2 rescued,l-profile/overlap-10,hungarian_aligned,0,3,3,0.0000,0.0000,1,1.0000,0,4,4,-0.0938,-89.271
B1 + B2 rescued,l-profile/overlap-11,hungarian_aligned,4,4,4,1.0000,1.0000,0,1.0000,0,4,4,0.5743,-8.713
B1 + B2 rescued,l-profile/overlap-12,hungarian_aligned,3,3,3,1.0000,1.0000,0,1.0000,0,3,3,0.2643,-39.544
B1 + B2 rescued,l-profile/overlap-13,hungarian_aligned,1,2,2,0.5000,1.0000,0,1.0000,0,3,2,3.0522,-40.196
B1 + B2 rescued,l-profile/overlap-14,hungarian_aligned,1,3,3,0.3333,0.3333,-1,0.3333,0,3,3,-3.6636,-37.202
B1 + B2 rescued,l-profile/single-01,hungarian_aligned,3,3,3,1.0000,1.0000,0,1.0000,0,3,3,1.6762,-91.670
B1 + B2 rescued,l-profile/single-02,hungarian_aligned,3,3,3,1.0000,1.0000,0,1.0000,0,3,3,1.6775,-91.860
B1 + B2 rescued,l-profile/single-03,hungarian_aligned,3,3,3,1.0000,1.0000,0,1.0000,0,3,3,1.6842,-91.850
B1 + B2 rescued,l-profile/single-04,hungarian_aligned,0,2,2,0.0000,0.0000,-1,1.0000,0,3,2,2.4965,11.881
B1 + B2 rescued,l-profile/single-05,hungarian_aligned,0,3,3,0.0000,0.0000,-1,0.6667,0,3,3,-2.1595,13.470
B1 + B2 rescued,l-profile/single-06,hungarian_aligned,3,3,3,1.0000,1.0000,0,1.0000,0,3,3,0.2017,-100.057
B1 + B2 rescued,l-profile/single-07,hungarian_aligned,1,1,1,1.0000,1.0000,0,1.0000,0,2,1,7.5000,-54.916
B1 + B2 rescued,l-profile/single-08,hungarian_aligned,1,1,1,1.0000,1.0000,0,1.0000,0,2,2,3.9509,12.000
B1 + B2 rescued,l-profile/single-09,hungarian_aligned,2,2,2,1.0000,1.0000,0,1.0000,0,2,2,2.8084,-5.881
B1 + B2 rescued,l-profile/single-10,hungarian_aligned,2,2,2,1.0000,1.0000,0,1.0000,0,2,4,-0.5944,-34.194
B1 + B2 rescued,l-profile/single-11,hungarian_aligned,1,3,3,0.3333,0.3333,-1,0.3333,0,3,3,-3.5514,-38.909
B1 + B2 rescued,l-profile/single-12,hungarian_aligned,2,2,2,1.0000,1.0000,0,1.0000,0,2,2,1.5014,-82.275
B1 + B2 rescued,l-profile/standing-01,hungarian_aligned,3,3,3,1.0000,1.0000,0,1.0000,0,3,3,1.4142,-75.029
B1 + B2 rescued,l-profile/standing-02,hungarian_aligned,4,4,4,1.0000,1.0000,0,1.0000,0,4,4,1.4985,-44.891
B1 + B2 rescued,l-profile/standing-03,hungarian_aligned,4,4,4,1.0000,1.0000,0,1.0000,0,4,4,-0.5286,-32.200
B1 + B2 rescued,l-profile/standing-04,hungarian_aligned,2,4,4,0.5000,0.5000,0,0.5000,0,4,4,0.2745,20.177
B1 + B2 rescued,l-profile/standing-05,hungarian_aligned,3,3,3,1.0000,1.0000,0,1.0000,0,3,3,0.1411,17.027
B1 + B2 rescued,l-profile/tilted-01,hungarian_aligned,2,2,2,1.0000,1.0000,0,1.0000,0,2,3,0.1902,-73.846
B1 + B2 rescued,square-profile/single-01,hungarian_aligned,8,8,8,1.0000,1.0000,0,1.0000,0,10,8,-1.1244,61.100
B1 + B2 rescued,square-profile/single-02,hungarian_aligned,0,4,4,0.0000,0.0000,1,0.7500,0,4,4,-3.5377,-39.219
B1 + B2 rescued,square-profile/single-03,hungarian_aligned,4,4,4,1.0000,1.0000,0,1.0000,0,4,4,0.0667,16.689
B1 + B2 rescued,square-profile/single-04,hungarian_aligned,4,4,4,1.0000,1.0000,0,1.0000,0,4,4,0.0729,16.155
B1 + B2 rescued,square-profile/single-05,hungarian_aligned,3,3,3,1.0000,1.0000,0,1.0000,0,4,4,-2.9353,8.421
B1 + B2 rescued,square-profile/single-06,hungarian_aligned,3,3,3,1.0000,1.0000,0,1.0000,0,4,3,0.8575,1.869
B1 + B2 rescued,square-profile/single-07,hungarian_aligned,3,3,3,1.0000,1.0000,0,1.0000,0,4,3,0.6162,-12.263
B1 + B2 rescued,square-profile/single-08,hungarian_aligned,4,4,4,1.0000,1.0000,0,1.0000,0,4,4,-0.1752,13.607
B1 + B2 rescued,square-profile/single-09,hungarian_aligned,3,3,3,1.0000,1.0000,0,1.0000,0,3,3,0.6432,8.498
B1 + B2 rescued,square-profile/single-10,hungarian_aligned,2,2,2,1.0000,1.0000,0,1.0000,0,2,2,0.8185,8.843
B1 + B2 rescued,square-profile/single-11,hungarian_aligned,5,5,5,1.0000,1.0000,0,1.0000,0,8,6,0.1240,61.598
B1 + B2 rescued,square-profile/single-12,hungarian_aligned,0,3,3,0.0000,0.0000,1,0.6667,0,3,3,-3.1713,-70.470
B1 + B2 rescued,square-profile/single-13,hungarian_aligned,3,3,3,1.0000,1.0000,0,1.0000,0,3,3,-0.3269,6.478
B1 + B2 rescued,square-profile/single-14,hungarian_aligned,0,3,3,0.0000,0.0000,-1,0.6667,0,3,3,-3.0476,108.360
B1 + B2 rescued,square-profile/single-15,hungarian_aligned,0,3,3,0.0000,0.0000,-1,0.6667,0,3,3,-3.4889,88.470
B1 + B2 rescued,square-profile/single-16,hungarian_aligned,0,3,3,0.0000,0.0000,-1,0.6667,0,4,3,-4.3008,87.977
B1 + B2 rescued,square-profile/single-17,hungarian_aligned,4,4,4,1.0000,1.0000,0,1.0000,0,7,10,-1.7838,-8.904
B1 + B2 rescued,square-profile/single-18,hungarian_aligned,19,22,22,0.8636,0.8636,0,0.8636,0,28,27,-2.7858,-14.158
B1 + B2 rescued,square-profile/single-19,hungarian_aligned,3,3,3,1.0000,1.0000,0,1.0000,0,3,3,0.7454,-16.701
B1 + B2 rescued,square-profile/single-20,hungarian_aligned,0,4,4,0.0000,0.0000,-2,1.0000,0,6,9,0.0445,24.539
B1 + B2 rescued,square-profile/single-21,hungarian_aligned,7,7,7,1.0000,1.0000,0,1.0000,0,8,7,0.0750,31.913
B1 + B2 rescued,square-profile/single-22,hungarian_aligned,7,7,7,1.0000,1.0000,0,1.0000,0,8,8,0.1143,-14.333
B1 + B2 rescued,square-profile/single-23,hungarian_aligned,7,7,7,1.0000,1.0000,0,1.0000,0,8,8,0.0540,7.067
B1 + B2 rescued,square-profile/single-24,hungarian_aligned,8,8,8,1.0000,1.0000,0,1.0000,0,8,8,0.0588,7.964
B1 + B2 rescued,square-profile/single-25,hungarian_aligned,7,7,7,1.0000,1.0000,0,1.0000,0,8,8,0.4975,5.731
B1 + B2 rescued,square-profile/single-26,hungarian_aligned,0,7,7,0.0000,0.0000,-1,1.0000,0,7,8,0.8048,33.654
B1 + B2 rescued,square-profile/single-27,hungarian_aligned,9,9,9,1.0000,1.0000,0,1.0000,0,9,9,-0.0370,9.362
B1 + B2 rescued,square-profile/single-28,hungarian_aligned,9,9,9,1.0000,1.0000,0,1.0000,0,9,9,-0.0709,8.677
B1 + B2 rescued,square-profile/standing-01,hungarian_aligned,4,4,4,1.0000,1.0000,0,1.0000,0,4,4,0.8321,10.471
B1 + B2 rescued,complex-profile/single-01,monotone_aligned,1,1,1,1.0000,1.0000,0,1.0000,0,4,2,,65.444
B1 + B2 rescued,complex-profile/single-02,monotone_aligned,1,1,1,1.0000,1.0000,0,1.0000,0,2,2,,22.610
B1 + B2 rescued,complex-profile/single-03,monotone_aligned,2,2,2,1.0000,1.0000,0,1.0000,0,2,2,,32.008
B1 + B2 rescued,complex-profile/single-04,monotone_aligned,1,1,1,1.0000,1.0000,0,1.0000,0,1,1,,49.589
B1 + B2 rescued,heavy-profile/single-01,monotone_aligned,3,3,3,1.0000,1.0000,0,1.0000,0,3,3,,-46.700
B1 + B2 rescued,heavy-profile/single-02,monotone_aligned,3,3,3,1.0000,1.0000,0,1.0000,0,3,3,,-46.443
B1 + B2 rescued,heavy-profile/single-03,monotone_aligned,3,3,3,1.0000,1.0000,0,1.0000,0,3,3,,-46.670
B1 + B2 rescued,heavy-profile/single-04,monotone_aligned,3,3,3,1.0000,1.0000,0,1.0000,0,3,3,,-31.774
B1 + B2 rescued,heavy-profile/single-05,monotone_aligned,3,3,3,1.0000,1.0000,0,1.0000,0,3,3,,-20.451
B1 + B2 rescued,heavy-profile/single-06,monotone_aligned,3,3,3,1.0000,1.0000,0,1.0000,0,3,3,,-27.376
B1 + B2 rescued,heavy-profile/single-07,monotone_aligned,3,3,3,1.0000,1.0000,0,1.0000,0,3,3,,-28.042
B1 + B2 rescued,heavy-profile/single-08,monotone_aligned,3,3,3,1.0000,1.0000,0,1.0000,0,3,3,,-28.223
B1 + B2 rescued,heavy-profile/single-09,monotone_aligned,3,3,3,1.0000,1.0000,0,1.0000,0,4,3,,-28.328
B1 + B2 rescued,heavy-profile/single-10,monotone_aligned,2,3,3,0.6667,1.0000,0,1.0000,0,5,3,,-15.922
B1 + B2 rescued,heavy-profile/standing-01,monotone_aligned,3,3,3,1.0000,1.0000,0,1.0000,0,3,3,,-32.831
B1 + B2 rescued,l-profile-reshoot/crossed-01,monotone_aligned,1,2,2,0.5000,1.0000,0,1.0000,0,3,2,,-37.784
B1 + B2 rescued,l-profile-reshoot/overlap-02,monotone_aligned,3,3,3,1.0000,1.0000,0,1.0000,0,3,3,,38.605
B1 + B2 rescued,l-profile-reshoot/overlap-03,monotone_aligned,4,4,4,1.0000,1.0000,0,1.0000,0,4,4,,39.108
B1 + B2 rescued,l-profile-reshoot/overlap-04,monotone_aligned,4,4,4,1.0000,1.0000,0,1.0000,0,4,4,,21.804
B1 + B2 rescued,l-profile-reshoot/overlap-05,monotone_aligned,3,3,3,1.0000,1.0000,0,1.0000,0,3,3,,-1.626
B1 + B2 rescued,l-profile-reshoot/overlap-06,monotone_aligned,3,3,3,1.0000,1.0000,0,1.0000,0,3,3,,-2.994
B1 + B2 rescued,l-profile-reshoot/overlap-07,monotone_aligned,4,4,4,1.0000,1.0000,0,1.0000,0,4,4,,16.472
B1 + B2 rescued,l-profile-reshoot/overlap-08,monotone_aligned,0,4,4,0.0000,0.0000,-1,1.0000,0,4,5,,64.226
B1 + B2 rescued,l-profile-reshoot/overlap-09,monotone_aligned,1,4,4,0.2500,0.2500,-1,0.7500,0,4,5,,70.370
B1 + B2 rescued,l-profile-reshoot/single-01,monotone_aligned,3,3,3,1.0000,1.0000,0,1.0000,0,4,4,,39.073
B1 + B2 rescued,l-profile-reshoot/single-02,monotone_aligned,1,1,1,1.0000,1.0000,0,1.0000,0,2,2,,-10.686
B1 + B2 rescued,l-profile-reshoot/single-03,monotone_aligned,2,3,3,0.6667,1.0000,0,1.0000,0,3,3,,50.199
B1 + B2 rescued,l-profile-reshoot/standing-01,monotone_aligned,4,4,4,1.0000,1.0000,0,1.0000,0,4,6,,-147.691
B1 + B2 rescued,l-profile-reshoot/standing-02,monotone_aligned,4,4,4,1.0000,1.0000,0,1.0000,0,4,6,,-133.003
B1 + B2 rescued,l-profile-reshoot/standing-03,monotone_aligned,4,4,4,1.0000,1.0000,0,1.0000,0,4,6,,-130.427
B1 + B2 rescued,l-profile-reshoot/standing-04,monotone_aligned,2,2,2,1.0000,1.0000,0,1.0000,0,2,3,,23.214
B1 + B2 rescued,l-profile-reshoot/standing-05,monotone_aligned,11,11,11,1.0000,1.0000,0,1.0000,0,11,11,,-3.092
B1 + B2 rescued,l-profile-reshoot/standing-06,monotone_aligned,11,11,11,1.0000,1.0000,0,1.0000,0,11,11,,-2.670
B1 + B2 rescued,l-profile-reshoot/standing-07,monotone_aligned,8,8,8,1.0000,1.0000,0,1.0000,0,9,9,,-2.538
B1 + B2 rescued,l-profile-reshoot/tilted-01,monotone_aligned,3,3,3,1.0000,1.0000,0,1.0000,0,4,4,,39.797
B1 + B2 rescued,l-profile-reshoot/tilted-02,monotone_aligned,3,3,3,1.0000,1.0000,0,1.0000,0,4,4,,39.534
B1 + B2 rescued,l-profile-reshoot/tilted-03,monotone_aligned,2,4,4,0.5000,0.5000,-1,0.5000,0,4,5,,6.481
B1 + B2 rescued,l-profile-reshoot/tilted-04,monotone_aligned,3,3,3,1.0000,1.0000,0,1.0000,0,3,3,,55.481
B1 + B2 rescued,l-profile-reshoot/tilted-05,monotone_aligned,3,3,3,1.0000,1.0000,0,1.0000,0,3,3,,52.626
B1 + B2 rescued,l-profile/crossed-01,monotone_aligned,0,4,4,0.0000,0.0000,-1,0.7500,0,4,4,,11.461
B1 + B2 rescued,l-profile/crossed-02,monotone_aligned,3,4,4,0.7500,1.0000,0,1.0000,0,4,4,,-53.933
B1 + B2 rescued,l-profile/crossed-03,monotone_aligned,2,3,3,0.6667,1.0000,0,1.0000,0,4,4,,-98.470
B1 + B2 rescued,l-profile/crossed-04,monotone_aligned,2,2,2,1.0000,1.0000,0,1.0000,0,2,2,,53.707
B1 + B2 rescued,l-profile/crossed-05,monotone_aligned,2,2,2,1.0000,1.0000,0,1.0000,0,2,2,,53.854
B1 + B2 rescued,l-profile/crossed-06,monotone_aligned,2,2,2,1.0000,1.0000,0,1.0000,0,2,4,,-34.203
B1 + B2 rescued,l-profile/crossed-07,monotone_aligned,2,3,3,0.6667,1.0000,0,1.0000,0,3,3,,72.612
B1 + B2 rescued,l-profile/crossed-08,monotone_aligned,2,3,3,0.6667,1.0000,0,1.0000,0,3,3,,72.485
B1 + B2 rescued,l-profile/overlap-01,monotone_aligned,5,5,5,1.0000,1.0000,0,1.0000,0,5,6,,-18.877
B1 + B2 rescued,l-profile/overlap-02,monotone_aligned,2,2,2,1.0000,1.0000,0,1.0000,0,2,2,,-79.397
B1 + B2 rescued,l-profile/overlap-03,monotone_aligned,4,4,4,1.0000,1.0000,0,1.0000,0,4,5,,-29.229
B1 + B2 rescued,l-profile/overlap-04,monotone_aligned,0,3,3,0.0000,0.0000,1,1.0000,0,4,4,,-85.719
B1 + B2 rescued,l-profile/overlap-05,monotone_aligned,3,3,3,1.0000,1.0000,0,1.0000,0,4,4,,-102.874
B1 + B2 rescued,l-profile/overlap-06,monotone_aligned,3,3,3,1.0000,1.0000,0,1.0000,0,4,4,,-102.821
B1 + B2 rescued,l-profile/overlap-07,monotone_aligned,3,3,3,1.0000,1.0000,0,1.0000,0,4,4,,-102.861
B1 + B2 rescued,l-profile/overlap-08,monotone_aligned,3,3,3,1.0000,1.0000,0,1.0000,0,4,4,,-102.463
B1 + B2 rescued,l-profile/overlap-09,monotone_aligned,3,3,3,1.0000,1.0000,0,1.0000,0,4,4,,-102.819
B1 + B2 rescued,l-profile/overlap-10,monotone_aligned,0,3,3,0.0000,0.0000,1,1.0000,0,4,4,,-89.271
B1 + B2 rescued,l-profile/overlap-11,monotone_aligned,4,4,4,1.0000,1.0000,0,1.0000,0,4,4,,-8.713
B1 + B2 rescued,l-profile/overlap-12,monotone_aligned,3,3,3,1.0000,1.0000,0,1.0000,0,3,3,,-39.544
B1 + B2 rescued,l-profile/overlap-13,monotone_aligned,1,2,2,0.5000,1.0000,0,1.0000,0,3,2,,-40.196
B1 + B2 rescued,l-profile/overlap-14,monotone_aligned,3,3,3,1.0000,1.0000,0,1.0000,0,3,3,,69.242
B1 + B2 rescued,l-profile/single-01,monotone_aligned,3,3,3,1.0000,1.0000,0,1.0000,0,3,3,,-91.670
B1 + B2 rescued,l-profile/single-02,monotone_aligned,3,3,3,1.0000,1.0000,0,1.0000,0,3,3,,-91.860
B1 + B2 rescued,l-profile/single-03,monotone_aligned,3,3,3,1.0000,1.0000,0,1.0000,0,3,3,,-91.850
B1 + B2 rescued,l-profile/single-04,monotone_aligned,0,2,2,0.0000,0.0000,-1,1.0000,0,3,2,,11.881
B1 + B2 rescued,l-profile/single-05,monotone_aligned,3,3,3,1.0000,1.0000,0,1.0000,0,3,3,,-91.852
B1 + B2 rescued,l-profile/single-06,monotone_aligned,3,3,3,1.0000,1.0000,0,1.0000,0,3,3,,-100.057
B1 + B2 rescued,l-profile/single-07,monotone_aligned,1,1,1,1.0000,1.0000,0,1.0000,0,2,1,,-54.916
B1 + B2 rescued,l-profile/single-08,monotone_aligned,1,1,1,1.0000,1.0000,0,1.0000,0,2,2,,12.000
B1 + B2 rescued,l-profile/single-09,monotone_aligned,2,2,2,1.0000,1.0000,0,1.0000,0,2,2,,-5.881
B1 + B2 rescued,l-profile/single-10,monotone_aligned,2,2,2,1.0000,1.0000,0,1.0000,0,2,4,,-34.194
B1 + B2 rescued,l-profile/single-11,monotone_aligned,3,3,3,1.0000,1.0000,0,1.0000,0,3,3,,62.089
B1 + B2 rescued,l-profile/single-12,monotone_aligned,2,2,2,1.0000,1.0000,0,1.0000,0,2,2,,-82.275
B1 + B2 rescued,l-profile/standing-01,monotone_aligned,3,3,3,1.0000,1.0000,0,1.0000,0,3,3,,-75.029
B1 + B2 rescued,l-profile/standing-02,monotone_aligned,4,4,4,1.0000,1.0000,0,1.0000,0,4,4,,-44.891
B1 + B2 rescued,l-profile/standing-03,monotone_aligned,4,4,4,1.0000,1.0000,0,1.0000,0,4,4,,-32.200
B1 + B2 rescued,l-profile/standing-04,monotone_aligned,4,4,4,1.0000,1.0000,0,1.0000,0,4,4,,13.516
B1 + B2 rescued,l-profile/standing-05,monotone_aligned,3,3,3,1.0000,1.0000,0,1.0000,0,3,3,,17.027
B1 + B2 rescued,l-profile/tilted-01,monotone_aligned,2,2,2,1.0000,1.0000,0,1.0000,0,2,3,,-73.846
B1 + B2 rescued,square-profile/single-01,monotone_aligned,6,8,8,0.7500,0.8571,0,0.8571,0,10,8,,60.795
B1 + B2 rescued,square-profile/single-02,monotone_aligned,4,4,4,1.0000,1.0000,0,1.0000,0,4,4,,22.431
B1 + B2 rescued,square-profile/single-03,monotone_aligned,4,4,4,1.0000,1.0000,0,1.0000,0,4,4,,16.689
B1 + B2 rescued,square-profile/single-04,monotone_aligned,4,4,4,1.0000,1.0000,0,1.0000,0,4,4,,16.155
B1 + B2 rescued,square-profile/single-05,monotone_aligned,3,3,3,1.0000,1.0000,0,1.0000,0,4,4,,-10.404
B1 + B2 rescued,square-profile/single-06,monotone_aligned,3,3,3,1.0000,1.0000,0,1.0000,0,4,3,,1.869
B1 + B2 rescued,square-profile/single-07,monotone_aligned,3,3,3,1.0000,1.0000,0,1.0000,0,4,3,,-12.263
B1 + B2 rescued,square-profile/single-08,monotone_aligned,4,4,4,1.0000,1.0000,0,1.0000,0,4,4,,13.607
B1 + B2 rescued,square-profile/single-09,monotone_aligned,3,3,3,1.0000,1.0000,0,1.0000,0,3,3,,8.498
B1 + B2 rescued,square-profile/single-10,monotone_aligned,2,2,2,1.0000,1.0000,0,1.0000,0,2,2,,8.843
B1 + B2 rescued,square-profile/single-11,monotone_aligned,5,5,5,1.0000,1.0000,0,1.0000,0,8,6,,61.598
B1 + B2 rescued,square-profile/single-12,monotone_aligned,3,3,3,1.0000,1.0000,0,1.0000,0,3,3,,6.300
B1 + B2 rescued,square-profile/single-13,monotone_aligned,3,3,3,1.0000,1.0000,0,1.0000,0,3,3,,6.478
B1 + B2 rescued,square-profile/single-14,monotone_aligned,3,3,3,1.0000,1.0000,0,1.0000,0,3,3,,43.005
B1 + B2 rescued,square-profile/single-15,monotone_aligned,3,3,3,1.0000,1.0000,0,1.0000,0,3,3,,23.622
B1 + B2 rescued,square-profile/single-16,monotone_aligned,3,3,3,1.0000,1.0000,0,1.0000,0,4,3,,87.977
B1 + B2 rescued,square-profile/single-17,monotone_aligned,4,4,4,1.0000,1.0000,0,1.0000,0,7,10,,-8.904
B1 + B2 rescued,square-profile/single-18,monotone_aligned,6,22,22,0.2727,0.3158,0,0.3158,0,28,27,,-28.443
B1 + B2 rescued,square-profile/single-19,monotone_aligned,3,3,3,1.0000,1.0000,0,1.0000,0,3,3,,-16.701
B1 + B2 rescued,square-profile/single-20,monotone_aligned,0,4,4,0.0000,0.0000,-2,1.0000,0,6,9,,24.539
B1 + B2 rescued,square-profile/single-21,monotone_aligned,7,7,7,1.0000,1.0000,0,1.0000,0,8,7,,31.913
B1 + B2 rescued,square-profile/single-22,monotone_aligned,6,7,7,0.8571,1.0000,0,1.0000,0,8,8,,-13.959
B1 + B2 rescued,square-profile/single-23,monotone_aligned,7,7,7,1.0000,1.0000,0,1.0000,0,8,8,,7.067
B1 + B2 rescued,square-profile/single-24,monotone_aligned,8,8,8,1.0000,1.0000,0,1.0000,0,8,8,,7.964
B1 + B2 rescued,square-profile/single-25,monotone_aligned,7,7,7,1.0000,1.0000,0,1.0000,0,8,8,,5.731
B1 + B2 rescued,square-profile/single-26,monotone_aligned,0,7,7,0.0000,0.0000,-1,1.0000,0,7,8,,33.654
B1 + B2 rescued,square-profile/single-27,monotone_aligned,8,9,9,0.8889,1.0000,0,1.0000,0,9,9,,8.522
B1 + B2 rescued,square-profile/single-28,monotone_aligned,8,9,9,0.8889,1.0000,0,1.0000,0,9,9,,8.108
B1 + B2 rescued,square-profile/standing-01,monotone_aligned,4,4,4,1.0000,1.0000,0,1.0000,0,4,4,,10.471
B1 + B2 rescued,complex-profile/single-01,hybrid_aligned,1,1,1,1.0000,1.0000,0,1.0000,0,4,2,,
B1 + B2 rescued,complex-profile/single-02,hybrid_aligned,1,1,1,1.0000,1.0000,0,1.0000,0,2,2,,
B1 + B2 rescued,complex-profile/single-03,hybrid_aligned,2,2,2,1.0000,1.0000,0,1.0000,0,2,2,,
B1 + B2 rescued,complex-profile/single-04,hybrid_aligned,1,1,1,1.0000,1.0000,0,1.0000,0,1,1,,
B1 + B2 rescued,heavy-profile/single-01,hybrid_aligned,3,3,3,1.0000,1.0000,0,1.0000,0,3,3,,
B1 + B2 rescued,heavy-profile/single-02,hybrid_aligned,3,3,3,1.0000,1.0000,0,1.0000,0,3,3,,
B1 + B2 rescued,heavy-profile/single-03,hybrid_aligned,3,3,3,1.0000,1.0000,0,1.0000,0,3,3,,
B1 + B2 rescued,heavy-profile/single-04,hybrid_aligned,3,3,3,1.0000,1.0000,0,1.0000,0,3,3,,
B1 + B2 rescued,heavy-profile/single-05,hybrid_aligned,3,3,3,1.0000,1.0000,0,1.0000,0,3,3,,
B1 + B2 rescued,heavy-profile/single-06,hybrid_aligned,3,3,3,1.0000,1.0000,0,1.0000,0,3,3,,
B1 + B2 rescued,heavy-profile/single-07,hybrid_aligned,3,3,3,1.0000,1.0000,0,1.0000,0,3,3,,
B1 + B2 rescued,heavy-profile/single-08,hybrid_aligned,3,3,3,1.0000,1.0000,0,1.0000,0,3,3,,
B1 + B2 rescued,heavy-profile/single-09,hybrid_aligned,3,3,3,1.0000,1.0000,0,1.0000,0,4,3,,
B1 + B2 rescued,heavy-profile/single-10,hybrid_aligned,2,3,3,0.6667,1.0000,0,1.0000,0,5,3,,
B1 + B2 rescued,heavy-profile/standing-01,hybrid_aligned,3,3,3,1.0000,1.0000,0,1.0000,0,3,3,,
B1 + B2 rescued,l-profile-reshoot/crossed-01,hybrid_aligned,1,2,2,0.5000,1.0000,0,1.0000,1,3,2,,
B1 + B2 rescued,l-profile-reshoot/overlap-02,hybrid_aligned,3,3,3,1.0000,1.0000,0,1.0000,0,3,3,,
B1 + B2 rescued,l-profile-reshoot/overlap-03,hybrid_aligned,4,4,4,1.0000,1.0000,0,1.0000,0,4,4,,
B1 + B2 rescued,l-profile-reshoot/overlap-04,hybrid_aligned,4,4,4,1.0000,1.0000,0,1.0000,0,4,4,,
B1 + B2 rescued,l-profile-reshoot/overlap-05,hybrid_aligned,3,3,3,1.0000,1.0000,0,1.0000,0,3,3,,
B1 + B2 rescued,l-profile-reshoot/overlap-06,hybrid_aligned,3,3,3,1.0000,1.0000,0,1.0000,0,3,3,,
B1 + B2 rescued,l-profile-reshoot/overlap-07,hybrid_aligned,4,4,4,1.0000,1.0000,0,1.0000,0,4,4,,
B1 + B2 rescued,l-profile-reshoot/overlap-08,hybrid_aligned,0,4,4,0.0000,0.0000,-1,1.0000,0,4,5,,
B1 + B2 rescued,l-profile-reshoot/overlap-09,hybrid_aligned,1,4,4,0.2500,0.2500,-1,0.7500,0,4,5,,
B1 + B2 rescued,l-profile-reshoot/single-01,hybrid_aligned,3,3,3,1.0000,1.0000,0,1.0000,0,4,4,,
B1 + B2 rescued,l-profile-reshoot/single-02,hybrid_aligned,1,1,1,1.0000,1.0000,0,1.0000,0,2,2,,
B1 + B2 rescued,l-profile-reshoot/single-03,hybrid_aligned,3,3,3,1.0000,1.0000,0,1.0000,0,3,3,,
B1 + B2 rescued,l-profile-reshoot/standing-01,hybrid_aligned,4,4,4,1.0000,1.0000,0,1.0000,0,4,6,,
B1 + B2 rescued,l-profile-reshoot/standing-02,hybrid_aligned,4,4,4,1.0000,1.0000,0,1.0000,0,4,6,,
B1 + B2 rescued,l-profile-reshoot/standing-03,hybrid_aligned,4,4,4,1.0000,1.0000,0,1.0000,0,4,6,,
B1 + B2 rescued,l-profile-reshoot/standing-04,hybrid_aligned,2,2,2,1.0000,1.0000,0,1.0000,0,2,3,,
B1 + B2 rescued,l-profile-reshoot/standing-05,hybrid_aligned,11,11,11,1.0000,1.0000,0,1.0000,0,11,11,,
B1 + B2 rescued,l-profile-reshoot/standing-06,hybrid_aligned,11,11,11,1.0000,1.0000,0,1.0000,0,11,11,,
B1 + B2 rescued,l-profile-reshoot/standing-07,hybrid_aligned,8,8,8,1.0000,1.0000,0,1.0000,0,9,9,,
B1 + B2 rescued,l-profile-reshoot/tilted-01,hybrid_aligned,3,3,3,1.0000,1.0000,0,1.0000,0,4,4,,
B1 + B2 rescued,l-profile-reshoot/tilted-02,hybrid_aligned,3,3,3,1.0000,1.0000,0,1.0000,0,4,4,,
B1 + B2 rescued,l-profile-reshoot/tilted-03,hybrid_aligned,2,4,4,0.5000,0.5000,-1,0.5000,0,4,5,,
B1 + B2 rescued,l-profile-reshoot/tilted-04,hybrid_aligned,3,3,3,1.0000,1.0000,0,1.0000,0,3,3,,
B1 + B2 rescued,l-profile-reshoot/tilted-05,hybrid_aligned,3,3,3,1.0000,1.0000,0,1.0000,0,3,3,,
B1 + B2 rescued,l-profile/crossed-01,hybrid_aligned,4,4,4,1.0000,1.0000,0,1.0000,1,4,4,,
B1 + B2 rescued,l-profile/crossed-02,hybrid_aligned,4,4,4,1.0000,1.0000,0,1.0000,1,4,4,,
B1 + B2 rescued,l-profile/crossed-03,hybrid_aligned,3,3,3,1.0000,1.0000,0,1.0000,1,4,4,,
B1 + B2 rescued,l-profile/crossed-04,hybrid_aligned,2,2,2,1.0000,1.0000,0,1.0000,0,2,2,,
B1 + B2 rescued,l-profile/crossed-05,hybrid_aligned,2,2,2,1.0000,1.0000,0,1.0000,0,2,2,,
B1 + B2 rescued,l-profile/crossed-06,hybrid_aligned,2,2,2,1.0000,1.0000,0,1.0000,0,2,4,,
B1 + B2 rescued,l-profile/crossed-07,hybrid_aligned,3,3,3,1.0000,1.0000,0,1.0000,1,3,3,,
B1 + B2 rescued,l-profile/crossed-08,hybrid_aligned,3,3,3,1.0000,1.0000,0,1.0000,1,3,3,,
B1 + B2 rescued,l-profile/overlap-01,hybrid_aligned,5,5,5,1.0000,1.0000,0,1.0000,0,5,6,,
B1 + B2 rescued,l-profile/overlap-02,hybrid_aligned,2,2,2,1.0000,1.0000,0,1.0000,0,2,2,,
B1 + B2 rescued,l-profile/overlap-03,hybrid_aligned,4,4,4,1.0000,1.0000,0,1.0000,0,4,5,,
B1 + B2 rescued,l-profile/overlap-04,hybrid_aligned,0,3,3,0.0000,0.0000,1,1.0000,0,4,4,,
B1 + B2 rescued,l-profile/overlap-05,hybrid_aligned,3,3,3,1.0000,1.0000,0,1.0000,0,4,4,,
B1 + B2 rescued,l-profile/overlap-06,hybrid_aligned,3,3,3,1.0000,1.0000,0,1.0000,0,4,4,,
B1 + B2 rescued,l-profile/overlap-07,hybrid_aligned,3,3,3,1.0000,1.0000,0,1.0000,0,4,4,,
B1 + B2 rescued,l-profile/overlap-08,hybrid_aligned,3,3,3,1.0000,1.0000,0,1.0000,0,4,4,,
B1 + B2 rescued,l-profile/overlap-09,hybrid_aligned,3,3,3,1.0000,1.0000,0,1.0000,0,4,4,,
B1 + B2 rescued,l-profile/overlap-10,hybrid_aligned,0,3,3,0.0000,0.0000,1,1.0000,0,4,4,,
B1 + B2 rescued,l-profile/overlap-11,hybrid_aligned,4,4,4,1.0000,1.0000,0,1.0000,0,4,4,,
B1 + B2 rescued,l-profile/overlap-12,hybrid_aligned,3,3,3,1.0000,1.0000,0,1.0000,0,3,3,,
B1 + B2 rescued,l-profile/overlap-13,hybrid_aligned,1,2,2,0.5000,1.0000,0,1.0000,0,3,2,,
B1 + B2 rescued,l-profile/overlap-14,hybrid_aligned,3,3,3,1.0000,1.0000,0,1.0000,0,3,3,,
B1 + B2 rescued,l-profile/single-01,hybrid_aligned,3,3,3,1.0000,1.0000,0,1.0000,0,3,3,,
B1 + B2 rescued,l-profile/single-02,hybrid_aligned,3,3,3,1.0000,1.0000,0,1.0000,0,3,3,,
B1 + B2 rescued,l-profile/single-03,hybrid_aligned,3,3,3,1.0000,1.0000,0,1.0000,0,3,3,,
B1 + B2 rescued,l-profile/single-04,hybrid_aligned,0,2,2,0.0000,0.0000,-1,1.0000,0,3,2,,
B1 + B2 rescued,l-profile/single-05,hybrid_aligned,3,3,3,1.0000,1.0000,0,1.0000,0,3,3,,
B1 + B2 rescued,l-profile/single-06,hybrid_aligned,3,3,3,1.0000,1.0000,0,1.0000,0,3,3,,
B1 + B2 rescued,l-profile/single-07,hybrid_aligned,1,1,1,1.0000,1.0000,0,1.0000,0,2,1,,
B1 + B2 rescued,l-profile/single-08,hybrid_aligned,1,1,1,1.0000,1.0000,0,1.0000,0,2,2,,
B1 + B2 rescued,l-profile/single-09,hybrid_aligned,2,2,2,1.0000,1.0000,0,1.0000,0,2,2,,
B1 + B2 rescued,l-profile/single-10,hybrid_aligned,2,2,2,1.0000,1.0000,0,1.0000,0,2,4,,
B1 + B2 rescued,l-profile/single-11,hybrid_aligned,3,3,3,1.0000,1.0000,0,1.0000,0,3,3,,
B1 + B2 rescued,l-profile/single-12,hybrid_aligned,2,2,2,1.0000,1.0000,0,1.0000,0,2,2,,
B1 + B2 rescued,l-profile/standing-01,hybrid_aligned,3,3,3,1.0000,1.0000,0,1.0000,0,3,3,,
B1 + B2 rescued,l-profile/standing-02,hybrid_aligned,4,4,4,1.0000,1.0000,0,1.0000,0,4,4,,
B1 + B2 rescued,l-profile/standing-03,hybrid_aligned,4,4,4,1.0000,1.0000,0,1.0000,0,4,4,,
B1 + B2 rescued,l-profile/standing-04,hybrid_aligned,4,4,4,1.0000,1.0000,0,1.0000,0,4,4,,
B1 + B2 rescued,l-profile/standing-05,hybrid_aligned,3,3,3,1.0000,1.0000,0,1.0000,0,3,3,,
B1 + B2 rescued,l-profile/tilted-01,hybrid_aligned,2,2,2,1.0000,1.0000,0,1.0000,0,2,3,,
B1 + B2 rescued,square-profile/single-01,hybrid_aligned,8,8,8,1.0000,1.0000,0,1.0000,0,10,8,,
B1 + B2 rescued,square-profile/single-02,hybrid_aligned,4,4,4,1.0000,1.0000,0,1.0000,0,4,4,,
B1 + B2 rescued,square-profile/single-03,hybrid_aligned,4,4,4,1.0000,1.0000,0,1.0000,0,4,4,,
B1 + B2 rescued,square-profile/single-04,hybrid_aligned,4,4,4,1.0000,1.0000,0,1.0000,0,4,4,,
B1 + B2 rescued,square-profile/single-05,hybrid_aligned,3,3,3,1.0000,1.0000,0,1.0000,0,4,4,,
B1 + B2 rescued,square-profile/single-06,hybrid_aligned,3,3,3,1.0000,1.0000,0,1.0000,0,4,3,,
B1 + B2 rescued,square-profile/single-07,hybrid_aligned,3,3,3,1.0000,1.0000,0,1.0000,0,4,3,,
B1 + B2 rescued,square-profile/single-08,hybrid_aligned,4,4,4,1.0000,1.0000,0,1.0000,0,4,4,,
B1 + B2 rescued,square-profile/single-09,hybrid_aligned,3,3,3,1.0000,1.0000,0,1.0000,0,3,3,,
B1 + B2 rescued,square-profile/single-10,hybrid_aligned,2,2,2,1.0000,1.0000,0,1.0000,0,2,2,,
B1 + B2 rescued,square-profile/single-11,hybrid_aligned,5,5,5,1.0000,1.0000,0,1.0000,0,8,6,,
B1 + B2 rescued,square-profile/single-12,hybrid_aligned,3,3,3,1.0000,1.0000,0,1.0000,0,3,3,,
B1 + B2 rescued,square-profile/single-13,hybrid_aligned,3,3,3,1.0000,1.0000,0,1.0000,0,3,3,,
B1 + B2 rescued,square-profile/single-14,hybrid_aligned,3,3,3,1.0000,1.0000,0,1.0000,0,3,3,,
B1 + B2 rescued,square-profile/single-15,hybrid_aligned,3,3,3,1.0000,1.0000,0,1.0000,0,3,3,,
B1 + B2 rescued,square-profile/single-16,hybrid_aligned,3,3,3,1.0000,1.0000,0,1.0000,0,4,3,,
B1 + B2 rescued,square-profile/single-17,hybrid_aligned,4,4,4,1.0000,1.0000,0,1.0000,0,7,10,,
B1 + B2 rescued,square-profile/single-18,hybrid_aligned,21,22,22,0.9545,1.0000,0,1.0000,0,28,27,,
B1 + B2 rescued,square-profile/single-19,hybrid_aligned,3,3,3,1.0000,1.0000,0,1.0000,0,3,3,,
B1 + B2 rescued,square-profile/single-20,hybrid_aligned,0,4,4,0.0000,0.0000,-2,1.0000,0,6,9,,
B1 + B2 rescued,square-profile/single-21,hybrid_aligned,7,7,7,1.0000,1.0000,0,1.0000,0,8,7,,
B1 + B2 rescued,square-profile/single-22,hybrid_aligned,7,7,7,1.0000,1.0000,0,1.0000,1,8,8,,
B1 + B2 rescued,square-profile/single-23,hybrid_aligned,7,7,7,1.0000,1.0000,0,1.0000,0,8,8,,
B1 + B2 rescued,square-profile/single-24,hybrid_aligned,8,8,8,1.0000,1.0000,0,1.0000,0,8,8,,
B1 + B2 rescued,square-profile/single-25,hybrid_aligned,7,7,7,1.0000,1.0000,0,1.0000,0,8,8,,
B1 + B2 rescued,square-profile/single-26,hybrid_aligned,0,7,7,0.0000,0.0000,-1,1.0000,0,7,8,,
B1 + B2 rescued,square-profile/single-27,hybrid_aligned,9,9,9,1.0000,1.0000,0,1.0000,1,9,9,,
B1 + B2 rescued,square-profile/single-28,hybrid_aligned,9,9,9,1.0000,1.0000,0,1.0000,1,9,9,,
B1 + B2 rescued,square-profile/standing-01,hybrid_aligned,4,4,4,1.0000,1.0000,0,1.0000,0,4,4,,
